line                                    	meter	[*footmin-no-s-unless-preceded-by-ww]	[*footmin-none]	[*posthoc-no-final-ww]	[*posthoc-standardize-weakpos]	[*strength.s=>-u]	[*strength.w=>-p]	[*stress.s=>-u]	[*stress.w=>-p]
and thus declared that arab lady        	wswswswsw	0	0	0	0	0	0.0	0	0
last night where under the wild moon    	swwswwss	0	0	0	0	0	0.0	2.0	3.0
                                        	wswswwss	0	0	0	0	0	1.0	2.0	2.0
                                        	wswswsws	0	0	2.0	0	0	0.0	4.0	0
                                        	wswswwsw	0	0	0	0	0	1.0	4.0	1.0
                                        	sswswwss	0	0	0	0	10.0	1.0	0	3.0
                                        	sswswsws	0	0	2.0	0	10.0	0.0	2.0	1.0
                                        	sswswwsw	0	0	0	0	10.0	1.0	2.0	2.0
on grassy mattress i had laid me        	wswswswsw	0	0	2.0	0	0	0.0	0	0
                                        	wswswwssw	0	0	0	0	0	1.0	0	2.0
within my arms great solomon            	wswswsws	0	0	2.0	0	0	0.0	2.0	0
                                        	wswswsww	0	0	0	1.0	0	1.0	2.0	1.0
i suddenly cried out in a strange tongue	wswwswswsw	0	0	0	0	0	1.0	2.0	1.0
                                        	wswswswsws	0	0	6.0	0	0	0.0	4.0	0
                                        	wswwswswss	0	0	0	0	10.0	1.0	0	2.0
                                        	swswswswsw	3.0	3.0	4.0	0	0	0.0	4.0	0
                                        	swswswswss	3.0	3.0	4.0	0	10.0	0.0	2.0	1.0
not his not mine                        	swsw	0	0	0	0	0	0.0	0	0
who understood                          	wsws	0	0	0	0	0	0.0	0	0
whatever has been said sighed sung      	wswswsws	0	0	0	0	0	0.0	2.0	0
howled miau d barked brayed belled yelled cried crowed	wswswswswsw	0	0	0	0	0	0.0	10.0	0
                                        	wswswswswws	0	0	0	0	0	1.0	8.0	1.0
                                        	wswswswwsws	0	0	0	0	0	1.0	8.0	1.0
                                        	wswswwswsws	0	0	0	0	0	1.0	8.0	1.0
                                        	wswswwswwss	0	0	0	0	0	2.0	6.0	3.0
                                        	wswswwsswws	0	0	0	0	0	2.0	6.0	3.0
                                        	sswswswswsw	0	0	0	0	10.0	0.0	8.0	1.0
                                        	sswswswswws	0	0	0	0	10.0	1.0	6.0	2.0
                                        	sswswswwsws	0	0	0	0	10.0	1.0	6.0	2.0
                                        	sswswwswsws	0	0	0	0	10.0	1.0	6.0	2.0
                                        	sswswwswwss	0	0	0	0	10.0	1.0	4.0	4.0
                                        	sswswwsswws	0	0	0	0	10.0	1.0	4.0	4.0
                                        	wswswswswss	0	0	0	0	10.0	0.0	8.0	1.0
                                        	wswswwsswss	0	0	0	0	10.0	1.0	6.0	3.0
                                        	wswsswwssws	0	0	0	0	10.0	1.0	6.0	3.0
                                        	sswswswswss	0	0	0	0	20.0	0.0	6.0	2.0
thereon replied a cockerel              	wswswsws	0	0	2.0	0	0	0.0	0	0
                                        	wswswsww	0	0	0	1.0	0	1.0	0	1.0
crew from a blossoming apple bough      	swwswwsws	0	0	0	0	0	1.0	0	2.0
                                        	swwswwsww	0	0	0	1.0	0	0.0	2.0	3.0
                                        	wswswwsws	0	0	2.0	0	0	1.0	2.0	1.0
                                        	swswswsws	3.0	3.0	4.0	0	0	0.0	2.0	0
three hundred years before the fall     	wswswsws	0	0	0	0	0	0.0	2.0	0
                                        	sswswsws	0	0	0	0	10.0	0.0	0	1.0
and never crew again till now           	wswswsws	0	0	0	0	0	0.0	0	0
and would not now but that he thought   	wswswsws	0	0	0	0	0	0.0	0	0
chance being at one with choice at last 	wswswwsws	0	0	0	0	0	1.0	2.0	1.0
                                        	wswswswsw	0	0	2.0	0	0	0.0	6.0	0
                                        	swswswsws	3.0	3.0	4.0	0	0	0.0	2.0	0
                                        	sswswwsws	0	0	0	0	10.0	1.0	0	2.0
                                        	sswswswsw	0	0	2.0	0	10.0	0.0	4.0	1.0
                                        	wswswswss	0	0	2.0	0	10.0	0.0	4.0	1.0
                                        	sswwswwss	0	0	2.0	0	10.0	0.0	2.0	4.0
                                        	sswwsswws	0	0	2.0	0	10.0	0.0	2.0	4.0
                                        	sswwsswws	0	0	2.0	0	10.0	0.0	2.0	4.0
                                        	sswswswss	0	0	2.0	0	20.0	0.0	2.0	2.0
all that the brigand apple brought      	wswswsws	0	0	0	0	0	0.0	0	0
and this foul world were dead at last   	wwsswsws	0	0	0	0	0	1.0	0	2.0
                                        	wswswsws	0	0	2.0	0	0	0.0	2.0	0
                                        	wwsswwss	0	0	0	0	0	0.0	2.0	4.0
                                        	swsswsws	0	0	2.0	0	10.0	0.0	0	1.0
he that crowed out eternity             	wwswwsww	0	0	0	1.0	0	0.0	0	3.0
                                        	wwswwsws	0	0	2.0	0	0	1.0	0	2.0
                                        	wswswsws	0	0	4.0	0	0	0.0	2.0	0
                                        	swswwsws	0	0	4.0	0	0	1.0	0	1.0
                                        	swswwsww	0	0	2.0	1.0	0	1.0	0	2.0
                                        	wswswsww	0	0	2.0	1.0	0	1.0	2.0	1.0
thought to have crowed it in again      	swwswsws	0	0	0	0	0	1.0	0	1.0
                                        	wswswsws	0	0	2.0	0	0	0.0	2.0	0
                                        	swwsswws	0	0	2.0	0	0	0.0	0	3.0
                                        	swsswsws	0	0	0	0	10.0	0.0	0	1.0
for though love has a spider's eye      	wwsswsws	0	0	0	0	0	1.0	0	2.0
                                        	wwswwsws	0	0	0	0	0	1.0	0	2.0
                                        	wswswsws	0	0	2.0	0	0	0.0	2.0	0
                                        	swswwsws	0	0	2.0	0	0	1.0	0	1.0
                                        	wwswwsww	0	0	0	1.0	0	0.0	2.0	3.0
                                        	swsswsws	0	0	2.0	0	10.0	0.0	0	1.0
                                        	wwsswwss	3.0	3.0	2.0	0	0	0.0	2.0	4.0
to find out some appropriate pain       	wswswswws	0	0	0	0	0	1.0	0	1.0
                                        	wswswswsw	0	0	0	0	0	0.0	2.0	0
                                        	wswswswss	0	0	0	0	10.0	0.0	0	1.0
aye though all passion's in the glance  	swwswsws	0	0	0	0	0	1.0	0	1.0
                                        	wswswsws	0	0	2.0	0	0	0.0	2.0	0
                                        	swwswwss	0	0	2.0	0	0	0.0	0	3.0
                                        	swsswsws	0	0	0	0	10.0	0.0	0	1.0
for every nerve and tests a lover       	wswswswsw	0	0	0	0	0	0.0	0	0
with cruelties of choice and chance     	wswwsws	0	0	0	0	0	1.0	0	1.0
                                        	wswswsws	0	0	2.0	0	0	0.0	0	0
and when at last that murder's over     	wswswswsw	0	0	0	0	0	0.0	0	0
maybe the bride bed brings despair      	swwswsws	0	0	0	0	0	1.0	2.0	1.0
                                        	swwsswws	0	0	0	0	0	0.0	2.0	3.0
                                        	wswswsws	3.0	3.0	2.0	0	0	0.0	4.0	0
                                        	swswswss	3.0	0	4.0	0	10.0	0.0	4.0	1.0
for each an imagined image brings       	wswwswsws	0	0	0	0	0	1.0	0	1.0
                                        	swswswsws	0	0	4.0	0	0	0.0	0	0
and finds a real image there            	wswwsws	0	0	2.0	0	0	1.0	2.0	1.0
                                        	wswwsww	0	0	0	1.0	0	1.0	2.0	2.0
                                        	swswsws	0	0	6.0	0	0	0.0	4.0	0
                                        	wswswsw	3.0	3.0	2.0	0	0	0.0	2.0	0
                                        	swswsww	0	0	4.0	1.0	0	1.0	4.0	1.0
                                        	wswssws	0	0	2.0	0	10.0	0.0	0	1.0
                                        	wswssww	0	0	0	1.0	10.0	1.0	0	2.0
yet the world ends when these two things	swswswsw	0	0	0	0	0	0.0	4.0	0
                                        	wwsswwss	0	0	0	0	0	0.0	0	4.0
                                        	swwswwss	0	0	0	0	0	0.0	2.0	3.0
                                        	wswswwss	0	0	2.0	0	0	1.0	2.0	2.0
                                        	wwsswsws	0	0	2.0	0	0	1.0	2.0	2.0
                                        	swswswss	0	0	0	0	10.0	0.0	2.0	1.0
                                        	swsswwss	0	0	0	0	10.0	1.0	0	3.0
though several are a single light       	wswswsws	0	0	2.0	0	0	0.0	0	0
when oil and wick are burned in one     	wswswsws	0	0	2.0	0	0	0.0	0	0
                                        	wswswsww	0	0	0	1.0	0	1.0	0	1.0
                                        	wswswwsw	0	0	0	0	0	1.0	2.0	1.0
                                        	wswswssw	0	0	0	0	10.0	0.0	0	1.0
therefore a blessed moon last night     	swwswws	0	0	0	0	0	0.0	2.0	2.0
                                        	swswsws	0	0	2.0	0	0	0.0	4.0	0
                                        	swwswsw	0	0	0	0	0	1.0	4.0	1.0
gave sheba to her solomon               	wswswsws	0	0	4.0	0	0	0.0	2.0	0
                                        	wswswsww	0	0	2.0	1.0	0	1.0	2.0	1.0
                                        	sswswsws	0	0	4.0	0	10.0	0.0	0	1.0
                                        	sswswsww	0	0	2.0	1.0	10.0	1.0	0	2.0
yet the world stays                     	swsw	0	0	0	0	0	0.0	2.0	0
                                        	wwss	0	0	0	0	0	0	0	2.0
                                        	swss	0	0	0	0	10.0	0	0	1.0
if that be so                           	wsws	0	0	2.0	0	0	0.0	0	0
                                        	swsw	0	0	2.0	0	0	0.0	0	0
                                        	wwsw	0	0	0	0	0	1.0	0	1.0
                                        	wssw	0	0	0	0	10.0	0.0	0	1.0
your cockerel found us in the wrong     	wswwswsws	0	0	0	0	0	1.0	0	1.0
                                        	wswswswsw	0	0	6.0	0	0	0.0	4.0	0
                                        	swswswsws	3.0	3.0	4.0	0	0	0.0	2.0	0
                                        	wswswswss	0	0	6.0	0	10.0	0.0	2.0	1.0
although he thought it worth a crow     	wswswsws	0	0	0	0	0	0.0	0	0
maybe an image is too strong            	swwswwss	0	0	0	0	0	0.0	0	3.0
                                        	swwswwsw	0	0	0	0	0	1.0	2.0	2.0
                                        	swwswsws	0	0	2.0	0	0	1.0	2.0	1.0
                                        	wswswwss	3.0	3.0	2.0	0	0	1.0	2.0	2.0
                                        	swswswsw	3.0	3.0	4.0	0	0	0.0	4.0	0
                                        	wswswsws	3.0	3.0	4.0	0	0	0.0	4.0	0
                                        	wswswwsw	3.0	3.0	2.0	0	0	1.0	4.0	1.0
                                        	swswswss	3.0	3.0	4.0	0	10.0	0.0	2.0	1.0
or maybe is not strong enough           	wswswsws	0	0	2.0	0	0	0.0	0	0
                                        	wswwssws	0	0	0	0	0	1.0	0	2.0
the night has fallen not a sound        	wswswsws	0	0	0	0	0	0.0	0	0
in the forbidden sacred grove           	swswwsws	0	0	0	0	0	1.0	0	1.0
                                        	swwswsws	0	0	0	0	0	1.0	0	1.0
                                        	wswswsws	0	0	2.0	0	0	0.0	0	0
                                        	wwswwsww	0	0	0	1.0	0	0.0	2.0	3.0
unless a petal hit the ground           	wswswsws	0	0	0	0	0	0.0	0	0
nor any human sight within it           	wswswswsw	0	0	0	0	0	0.0	0	0
but the crushed grass where we have lain	wwsswwss	0	0	0	0	0	0.0	0	4.0
                                        	wwswswws	0	0	0	0	0	1.0	2.0	2.0
                                        	wwsswsws	0	0	2.0	0	0	1.0	0	2.0
                                        	swswswsw	0	0	2.0	0	0	0.0	4.0	0
                                        	wwswswsw	0	0	0	0	0	1.0	4.0	1.0
                                        	swswswws	0	0	2.0	0	0	1.0	2.0	1.0
                                        	wswswsws	0	0	4.0	0	0	0.0	2.0	0
                                        	wwswwsww	0	0	2.0	1.0	0	0.0	4.0	3.0
                                        	swswswss	0	0	2.0	0	10.0	0.0	2.0	1.0
                                        	swsswsws	0	0	4.0	0	10.0	0.0	0	1.0
and the moon is wilder every minute     	swswswswsw	0	0	2.0	0	0	0.0	0	0
                                        	wwswswswsw	0	0	0	0	0	1.0	0	1.0
o solomon let us try again              	wswwswsws	0	0	0	0	0	1.0	0	1.0
                                        	swswswsws	3.0	3.0	4.0	0	0	0.0	2.0	0
                                        	wswswswss	3.0	0	6.0	0	10.0	0.0	4.0	1.0
do not because this day i have grown saturnine	wswswswswsws	0	0	0	0	0	0.0	2.0	0
                                        	wswswswwssws	0	0	0	0	0	1.0	0	2.0
imagine that lost love inseparable from my thought	wswswswswswsws	0	0	4.0	0	0	0.0	2.0	0
                                        	wswswswswwssws	0	0	2.0	0	0	1.0	2.0	2.0
                                        	wswwsswswswsws	0	0	4.0	0	0	1.0	0	2.0
                                        	wswwsswswwswws	0	0	2.0	0	0	2.0	0	4.0
                                        	wswwsswswwssws	0	0	2.0	0	0	2.0	0	4.0
because i have no other youth can make me pine	wswswswswsws	0	0	0	0	0	0.0	2.0	0
                                        	wswwsswswsws	0	0	0	0	0	1.0	0	2.0
for how should i forget the wisdom that you brought	swswwswswsws	0	0	2.0	0	0	1.0	0	1.0
                                        	wwswwswswsws	0	0	0	0	0	2.0	0	2.0
                                        	wswswswswsws	0	0	4.0	0	0	0.0	0	0
                                        	wwswwswswwss	0	0	2.0	0	0	1.0	2.0	4.0
                                        	wwswwswwswws	3.0	3.0	2.0	0	0	0.0	2.0	4.0
the comfort that you made although my wits have gone	wswswswswsws	0	0	0	0	0	0.0	0	0
on a fantastic ride my horse's flanks are spurred	wswswswswsws	0	0	2.0	0	0	0.0	0	0
by childish memories of an old cross pollexfen	wswswswwswsws	0	0	4.0	0	0	1.0	2.0	1.0
                                        	wswswwswswsws	0	0	4.0	0	0	1.0	2.0	1.0
                                        	wswswswwswsww	0	0	2.0	1.0	0	2.0	2.0	2.0
                                        	wswswwswswsww	0	0	2.0	1.0	0	2.0	2.0	2.0
                                        	wswswswswswsw	3.0	3.0	6.0	0	0	0.0	4.0	0
and of a middleton whose name you never heard	wswswswswsws	0	0	4.0	0	0	0.0	0	0
                                        	wswswwsswsws	0	0	2.0	0	0	1.0	0	2.0
and of a red haired yeats whose looks although he died	wswswswswsws	0	0	2.0	0	0	0.0	2.0	0
before my time seem like a vivid memory 	wswswswswsws	0	0	2.0	0	0	0.0	2.0	0
                                        	wswswswswsww	0	0	0	1.0	0	1.0	2.0	1.0
                                        	wswsswwswsws	0	0	2.0	0	10.0	1.0	0	2.0
                                        	wswsswwswsww	0	0	0	1.0	10.0	2.0	0	3.0
you heard that labouring man who had served my	wswswwsswsw	0	0	0	0	0	1.0	0	2.0
                                        	wswswswswsw	0	0	2.0	0	0	0.0	2.0	0
people he said                          	swws	0	0	0	0	0	0	0	1.0
                                        	swsw	0	0	2.0	0	0	0.0	2.0	0
upon the open road near to the sligo quay	wswswswswsws	0	0	2.0	0	0	0.0	0	0
                                        	wswswwswwsws	0	0	0	0	0	2.0	2.0	2.0
                                        	wswswsswwsws	0	0	0	0	10.0	1.0	0	2.0
no no not said but cried it out you have come again	wswswswswwsws	0	0	2.0	0	0	1.0	2.0	1.0
                                        	wswswswwswsws	0	0	2.0	0	0	1.0	2.0	1.0
                                        	swswswswswsws	0	0	6.0	0	0	0.0	6.0	0
                                        	wswswswswssws	0	0	2.0	0	10.0	0.0	2.0	1.0
                                        	sswswswswwsws	0	0	2.0	0	10.0	1.0	0	2.0
                                        	sswswswwswsws	0	0	2.0	0	10.0	1.0	0	2.0
                                        	wswswswswswsw	3.0	3.0	4.0	0	0	0.0	6.0	0
                                        	sswswswswssws	0	0	2.0	0	20.0	0.0	0	2.0
and surely after twenty years it was time to come	wswswswswwsws	0	0	0	0	0	1.0	0	1.0
                                        	wswswswswswsw	0	0	4.0	0	0	0.0	4.0	0
                                        	wswswswswswss	0	0	4.0	0	10.0	0.0	2.0	1.0
i am thinking of a child's vow sworn in vain	swswswswsws	0	0	4.0	0	0	0.0	2.0	0
                                        	wwswswswsws	0	0	2.0	0	0	1.0	2.0	1.0
never to leave that valley his fathers called their home	swwswswwswsws	0	0	0	0	0	2.0	0	2.0
                                        	swwswswwswwss	0	0	2.0	0	0	1.0	2.0	4.0
                                        	wswswswwswsws	3.0	3.0	2.0	0	0	1.0	2.0	1.0
                                        	swswswswswsws	3.0	3.0	4.0	0	0	0.0	4.0	0
i have met them at close of day         	wwswwsws	0	0	0	0	0	1.0	0	2.0
                                        	wswswsws	0	0	2.0	0	0	0.0	2.0	0
                                        	swswwsws	0	0	2.0	0	0	1.0	0	1.0
                                        	wwswwsww	0	0	0	1.0	0	0.0	2.0	3.0
                                        	swswssws	0	0	2.0	0	10.0	0.0	0	1.0
                                        	wsswssws	0	0	0	0	20.0	0.0	0	2.0
coming with vivid faces                 	swwswsw	0	0	0	0	0	1.0	0	1.0
                                        	wswswsw	3.0	3.0	2.0	0	0	0.0	2.0	0
                                        	swwswws	3.0	3.0	2.0	0	0	0.0	2.0	2.0
from counter or desk among grey         	wswwswsw	0	0	0	0	0	1.0	2.0	1.0
                                        	wswwswss	0	0	0	0	10.0	1.0	0	2.0
                                        	swswswsw	3.0	3.0	4.0	0	0	0.0	4.0	0
                                        	wswswsws	3.0	3.0	4.0	0	0	0.0	4.0	0
                                        	wswswssw	3.0	0	4.0	0	10.0	0.0	4.0	1.0
                                        	swswswss	3.0	3.0	4.0	0	10.0	0.0	2.0	1.0
eighteenth century houses               	swswwsw	0	0	0	0	0	1.0	0	1.0
                                        	swswsws	3.0	3.0	4.0	0	0	0.0	2.0	0
                                        	swswssw	0	0	2.0	0	10.0	0.0	0	1.0
i have passed with a nod of the head    	wwswwswws	0	0	0	0	0	0.0	0	3.0
                                        	swswwswws	0	0	2.0	0	0	1.0	0	2.0
                                        	wswswswws	0	0	2.0	0	0	1.0	2.0	1.0
                                        	wswswswsw	0	0	4.0	0	0	0.0	4.0	0
                                        	swswswsws	0	0	6.0	0	0	0.0	2.0	0
                                        	wswswswss	0	0	4.0	0	10.0	0.0	2.0	1.0
                                        	wswswssws	0	0	4.0	0	10.0	0.0	2.0	1.0
                                        	wsswswsws	0	0	4.0	0	10.0	0.0	2.0	1.0
or polite meaningless words             	wwsswws	0	0	0	0	0	0.0	0	3.0
                                        	wwsswsw	0	0	2.0	0	0	1.0	2.0	2.0
                                        	swwswws	0	3.0	2.0	0	0	0.0	2.0	2.0
                                        	swswsws	3.0	3.0	4.0	0	0	0.0	2.0	0
                                        	wswswws	3.0	3.0	2.0	0	0	1.0	2.0	1.0
                                        	wwswsws	3.0	3.0	2.0	0	0	1.0	2.0	1.0
                                        	swswwsw	0	3.0	4.0	0	0	1.0	4.0	1.0
                                        	swwswsw	0	3.0	4.0	0	0	1.0	4.0	1.0
                                        	swsswws	0	0	2.0	0	10.0	1.0	0	2.0
                                        	swsswsw	0	0	4.0	0	10.0	0.0	2.0	1.0
                                        	swsswss	0	0	4.0	0	20.0	0.0	0	2.0
or have lingered awhile and said        	wwswwsws	0	0	0	0	0	1.0	0	2.0
                                        	swswwsws	0	0	2.0	0	0	1.0	0	1.0
                                        	wwswwsww	0	0	0	1.0	0	0.0	2.0	3.0
                                        	wswswsws	3.0	3.0	2.0	0	0	0.0	2.0	0
polite meaningless words                	wwswws	0	3.0	0	0	0	0.0	2.0	2.0
                                        	wswsws	3.0	3.0	2.0	0	0	0.0	2.0	0
                                        	wswwsw	0	3.0	2.0	0	0	1.0	4.0	1.0
                                        	wwswsw	0	3.0	2.0	0	0	1.0	4.0	1.0
                                        	wsswws	0	0	0	0	10.0	1.0	0	2.0
                                        	wsswsw	0	0	2.0	0	10.0	0.0	2.0	1.0
                                        	wsswss	0	0	2.0	0	20.0	0.0	0	2.0
and thought before i had done           	wswswsw	0	0	0	0	0	0.0	0	0
of a mocking tale or a gibe             	wwswswws	0	0	0	0	0	1.0	0	2.0
                                        	swswswws	0	0	2.0	0	0	1.0	0	1.0
                                        	swswswsw	0	0	4.0	0	0	0.0	2.0	0
                                        	wwswswsw	0	0	2.0	0	0	1.0	2.0	1.0
                                        	wwswwsww	0	0	2.0	1.0	0	0.0	4.0	3.0
                                        	swswswss	0	0	4.0	0	10.0	0.0	0	1.0
                                        	swswssws	0	0	4.0	0	10.0	0.0	0	1.0
to please a companion                   	wswwsw	0	0	0	0	0	1.0	0	1.0
                                        	swswsw	0	0	4.0	0	0	0.0	2.0	0
                                        	wswssw	3.0	0	2.0	0	10.0	0.0	0	1.0
                                        	wwswws	3.0	3.0	4.0	0	0	0.0	4.0	2.0
around the fire at the club             	swswws	0	0	0	0	0	1.0	0	1.0
                                        	swswsw	0	0	2.0	0	0	0.0	2.0	0
                                        	swwsww	0	0	0	1.0	0	0.0	4.0	2.0
                                        	swssws	0	0	0	0	10.0	0.0	0	1.0
being certain that they and i           	swswswsw	0	0	2.0	0	0	0.0	0	0
but lived where motley is worn          	wswswws	0	0	0	0	0	1.0	0	1.0
                                        	wswswsw	0	0	2.0	0	0	0.0	2.0	0
                                        	wswswss	0	0	2.0	0	10.0	0.0	0	1.0
all changed changed utterly             	wswsws	0	0	2.0	0	0	0.0	2.0	0
                                        	swwsww	0	0	0	1.0	0	0.0	2.0	2.0
                                        	wswsww	0	0	0	1.0	0	1.0	2.0	1.0
a terrible beauty is born               	wswwswws	0	0	0	0	0	1.0	0	2.0
                                        	wswwswsw	0	0	2.0	0	0	1.0	2.0	1.0
                                        	wswswsws	3.0	3.0	4.0	0	0	0.0	2.0	0
that woman's days were spent            	wswsws	0	0	0	0	0	0.0	0	0
in ignorant good will                   	wswwsw	0	0	0	0	0	1.0	0	1.0
                                        	wswsws	0	0	4.0	0	0	0.0	0	0
                                        	swswsw	3.0	3.0	2.0	0	0	0.0	2.0	0
                                        	wswssw	0	0	2.0	0	10.0	0.0	0	1.0
                                        	wswssw	0	0	2.0	0	10.0	0.0	0	1.0
her nights in argument                  	wswsws	0	0	2.0	0	0	0.0	0	0
                                        	wswsww	0	0	0	1.0	0	1.0	0	1.0
until her voice grew shrill             	wswsws	0	0	0	0	0	0.0	2.0	0
what voice more sweet than hers         	wswsws	0	0	2.0	0	0	0.0	0	0
                                        	wswsww	0	0	0	1.0	0	1.0	0	1.0
                                        	swwsww	0	0	0	1.0	0	0.0	2.0	2.0
when young and beautiful                	wswsws	0	0	2.0	0	0	0.0	0	0
                                        	wswsww	0	0	0	1.0	0	1.0	0	1.0
she rode to harriers                    	wswsws	0	0	2.0	0	0	0.0	0	0
                                        	wswsww	0	0	0	1.0	0	1.0	0	1.0
this man had kept a school              	wswsws	0	0	0	0	0	0.0	0	0
and rode our winged horse               	wswsw	0	0	0	0	0	0.0	2.0	0
                                        	wswss	0	0	0	0	10.0	0.0	0	1.0
this other his helper and friend        	wswwswws	0	0	0	0	0	1.0	0	2.0
                                        	wswwswsw	0	0	2.0	0	0	1.0	2.0	1.0
                                        	wswswsws	3.0	3.0	4.0	0	0	0.0	2.0	0
was coming into his force               	wswwsws	0	0	0	0	0	1.0	0	1.0
                                        	wswswws	0	0	0	0	0	1.0	0	1.0
                                        	wswswsw	0	0	2.0	0	0	0.0	2.0	0
                                        	wswswss	0	0	2.0	0	10.0	0.0	0	1.0
he might have won fame in the end       	wswswsws	0	0	0	0	0	0.0	2.0	0
                                        	wswsswws	0	0	0	0	10.0	1.0	0	2.0
                                        	wswsswss	0	0	2.0	0	20.0	0.0	0	2.0
so sensitive his nature seemed          	wswswsws	0	0	2.0	0	0	0.0	0	0
so daring and sweet his thought         	wswwsws	0	0	0	0	0	1.0	0	1.0
                                        	wswswsw	0	0	4.0	0	0	0.0	4.0	0
                                        	swswsws	3.0	3.0	4.0	0	0	0.0	2.0	0
                                        	wswswss	0	0	4.0	0	10.0	0.0	2.0	1.0
this other man i had dreamed            	wswswsw	0	0	0	0	0	0.0	2.0	0
                                        	wswswws	0	0	0	0	0	1.0	0	1.0
                                        	wswswss	0	0	0	0	10.0	0.0	0	1.0
a drunken vainglorious lout             	wswwswws	0	0	0	0	0	1.0	0	2.0
                                        	wswwswsw	0	0	2.0	0	0	1.0	2.0	1.0
                                        	swswswws	3.0	3.0	4.0	0	0	1.0	2.0	1.0
                                        	wswswsws	6.0	3.0	4.0	0	0	0.0	2.0	0
                                        	swswswsw	3.0	3.0	6.0	0	0	0.0	4.0	0
                                        	swswswss	3.0	3.0	6.0	0	10.0	0.0	2.0	1.0
he had done most bitter wrong           	wswwsws	0	0	0	0	0	1.0	0	1.0
                                        	swswsws	0	0	2.0	0	0	0.0	0	0
                                        	wwswsws	0	0	0	0	0	1.0	0	1.0
                                        	wwsswws	0	3.0	0	0	0	0.0	2.0	3.0
                                        	wsswsws	0	0	0	0	10.0	0.0	0	1.0
                                        	wswssws	0	0	0	0	10.0	0.0	0	1.0
to some who are near my heart           	wswwsws	0	0	0	0	0	1.0	0	1.0
                                        	swswsws	0	0	2.0	0	0	0.0	0	0
                                        	wwswsws	0	0	0	0	0	1.0	0	1.0
                                        	wsswsws	0	0	0	0	10.0	0.0	0	1.0
yet i number him in the song            	swswwsws	0	0	0	0	0	1.0	0	1.0
                                        	swswswsw	0	0	4.0	0	0	0.0	2.0	0
                                        	wwswwsww	0	0	0	1.0	0	0.0	2.0	3.0
                                        	swswswss	0	0	4.0	0	10.0	0.0	0	1.0
he too has resigned his part            	wswwsws	0	0	0	0	0	1.0	0	1.0
                                        	swswsws	0	0	2.0	0	0	0.0	2.0	0
                                        	wsswsws	0	0	0	0	10.0	0.0	0	1.0
                                        	wwswwss	0	3.0	2.0	0	0	0.0	4.0	3.0
in the casual comedy                    	swswsws	0	0	2.0	0	0	0.0	0	0
                                        	swswsww	0	0	0	1.0	0	1.0	0	1.0
                                        	wwswwsww	0	0	0	1.0	0	0.0	0	3.0
he too has been changed in his turn     	wswswsws	0	0	0	0	0	0.0	2.0	0
                                        	wswwssws	0	0	0	0	0	1.0	0	2.0
                                        	wswwswws	0	0	0	0	0	1.0	0	2.0
                                        	wsswssws	0	0	0	0	20.0	0.0	0	2.0
transformed utterly                     	wwsww	0	3.0	0	1.0	0	0.0	2.0	2.0
                                        	wswws	0	3.0	2.0	0	0	1.0	2.0	1.0
                                        	wwsws	0	3.0	2.0	0	0	1.0	2.0	1.0
                                        	wswsw	3.0	3.0	2.0	0	0	0.0	2.0	0
                                        	wssws	0	0	2.0	0	10.0	0.0	0	1.0
                                        	wssww	0	0	0	1.0	10.0	1.0	0	2.0
a terrible beauty is born               	wswwswws	0	0	0	0	0	1.0	0	2.0
                                        	wswwswsw	0	0	2.0	0	0	1.0	2.0	1.0
                                        	wswswsws	3.0	3.0	4.0	0	0	0.0	2.0	0
hearts with one purpose alone           	swwswws	0	0	0	0	0	0.0	0	2.0
                                        	wswswws	0	0	2.0	0	0	1.0	2.0	1.0
                                        	swswsws	3.0	3.0	4.0	0	0	0.0	2.0	0
                                        	swwswsw	3.0	3.0	2.0	0	0	1.0	2.0	1.0
                                        	wswswss	3.0	0	4.0	0	10.0	0.0	2.0	1.0
                                        	wswssws	3.0	0	4.0	0	10.0	0.0	2.0	1.0
through summer and winter seem          	wswwsws	0	0	0	0	0	1.0	0	1.0
                                        	swswsws	3.0	3.0	4.0	0	0	0.0	2.0	0
enchanted to a stone                    	wswsws	0	0	2.0	0	0	0.0	0	0
to trouble the living stream            	wswwsws	0	0	0	0	0	1.0	0	1.0
                                        	swswsws	3.0	3.0	4.0	0	0	0.0	2.0	0
the horse that comes from the road      	wswswws	0	0	0	0	0	1.0	0	1.0
                                        	wswswsw	0	0	2.0	0	0	0.0	2.0	0
                                        	wswswss	0	0	2.0	0	10.0	0.0	0	1.0
                                        	wswssws	0	0	2.0	0	10.0	0.0	0	1.0
the rider the birds that range          	wswwsws	0	0	0	0	0	1.0	0	1.0
                                        	wswswsw	0	0	2.0	0	0	0.0	4.0	0
                                        	swswsws	3.0	3.0	4.0	0	0	0.0	2.0	0
                                        	wswswss	0	0	2.0	0	10.0	0.0	2.0	1.0
from cloud to tumbling cloud            	wswsws	0	0	0	0	0	0.0	0	0
minute by minute they change            	swwswws	0	0	0	0	0	0.0	0	2.0
                                        	swswsws	0	0	2.0	0	0	0.0	0	0
                                        	wswswws	0	0	0	0	0	1.0	0	1.0
                                        	wswwsws	0	0	0	0	0	1.0	0	1.0
a shadow of cloud on the stream         	wswwswws	0	0	0	0	0	1.0	0	2.0
                                        	wswswsws	0	0	4.0	0	0	0.0	2.0	0
                                        	wswwswsw	0	0	2.0	0	0	1.0	2.0	1.0
changes minute by minute                	swswwsw	0	0	0	0	0	1.0	0	1.0
                                        	swswsws	0	0	2.0	0	0	0.0	0	0
                                        	swwswsw	0	0	0	0	0	1.0	0	1.0
                                        	swwswws	0	0	0	0	0	0.0	0	2.0
a horse hoof slides on the brim         	wswswws	0	0	0	0	0	1.0	2.0	1.0
                                        	wswswsw	0	0	2.0	0	0	0.0	4.0	0
                                        	wswswss	0	0	2.0	0	10.0	0.0	2.0	1.0
and a horse plashes within it           	wwsswwsw	0	0	0	0	0	1.0	0	3.0
                                        	wswswwsw	0	0	2.0	0	0	1.0	2.0	1.0
                                        	wwsswwss	0	0	2.0	0	0	0.0	0	4.0
                                        	swswswsw	3.0	3.0	4.0	0	0	0.0	2.0	0
                                        	swsswwsw	0	0	2.0	0	10.0	1.0	0	2.0
                                        	wwsswsws	3.0	3.0	4.0	0	0	1.0	2.0	2.0
                                        	wswswssw	3.0	0	4.0	0	10.0	0.0	2.0	1.0
                                        	swsswssw	3.0	0	4.0	0	20.0	0.0	0	2.0
the long legged moor hens dive          	wswsws	0	0	0	0	0	0.0	4.0	0
                                        	wswwss	0	0	0	0	0	1.0	2.0	2.0
                                        	wsswsws	0	0	0	0	10.0	0.0	2.0	1.0
and hens to moor cocks call             	wswsws	0	0	0	0	0	0.0	2.0	0
minute by minute they live              	swwswws	0	0	0	0	0	0.0	0	2.0
                                        	swswsws	0	0	2.0	0	0	0.0	0	0
                                        	wswswws	0	0	0	0	0	1.0	0	1.0
                                        	wswwsws	0	0	0	0	0	1.0	0	1.0
the stone's in the midst of all         	wswwsws	0	0	0	0	0	1.0	0	1.0
                                        	swswsws	0	0	2.0	0	0	0.0	2.0	0
                                        	wwswwss	0	0	2.0	0	0	0.0	4.0	3.0
                                        	wsswsws	0	0	0	0	10.0	0.0	0	1.0
too long a sacrifice                    	wswsws	0	0	0	0	0	0.0	2.0	0
                                        	sswsws	0	0	0	0	10.0	0.0	0	1.0
can make a stone of the heart           	wswswws	0	0	0	0	0	1.0	0	1.0
                                        	wswswsw	0	0	2.0	0	0	0.0	2.0	0
                                        	wswswss	0	0	2.0	0	10.0	0.0	0	1.0
                                        	wswssws	0	0	2.0	0	10.0	0.0	0	1.0
o when may it suffice                   	wswsws	0	0	2.0	0	0	0.0	0	0
that is heaven's part our part          	swswsws	0	0	0	0	0	0.0	0	0
to murmur name upon name                	wswswsw	0	0	0	0	0	0.0	2.0	0
                                        	wswswss	0	0	0	0	10.0	0.0	0	1.0
as a mother names her child             	swswsws	0	0	2.0	0	0	0.0	0	0
                                        	wwswsws	0	0	0	0	0	1.0	0	1.0
                                        	wwswwss	0	0	2.0	0	0	0.0	2.0	3.0
when sleep at last has come             	wswsws	0	0	0	0	0	0.0	0	0
on limbs that had run wild              	wswsws	0	0	0	0	0	0.0	2.0	0
                                        	wswwss	0	0	0	0	0	1.0	0	2.0
                                        	wsswss	0	0	0	0	20.0	0.0	0	2.0
what is it but nightfall                	wswwss	0	0	2.0	0	0	1.0	0	2.0
                                        	swswsw	0	3.0	2.0	0	0	0.0	2.0	0
                                        	swswss	0	0	2.0	0	10.0	0.0	0	1.0
no no not night but death               	wswsws	0	0	0	0	0	0.0	2.0	0
                                        	sswsws	0	0	0	0	10.0	0.0	0	1.0
was it needless death after all         	wwswwsws	0	0	0	0	0	1.0	2.0	2.0
                                        	swswwsws	0	0	2.0	0	0	1.0	2.0	1.0
                                        	wwswwsww	0	0	0	1.0	0	0.0	2.0	3.0
                                        	swswswsw	3.0	3.0	4.0	0	0	0.0	2.0	0
                                        	swswssws	0	0	2.0	0	10.0	0.0	0	1.0
                                        	wwswssws	0	0	0	0	10.0	1.0	0	2.0
                                        	wwswswsw	3.0	3.0	2.0	0	0	1.0	4.0	1.0
for england may keep faith              	wswwss	0	0	0	0	0	1.0	0	2.0
                                        	wswsws	0	0	2.0	0	0	0.0	2.0	0
                                        	wswwsw	0	0	0	0	0	1.0	2.0	1.0
for all that is done and said           	wswwsws	0	0	0	0	0	1.0	0	1.0
                                        	swswsws	0	0	2.0	0	0	0.0	0	0
                                        	wwswsws	0	0	0	0	0	1.0	0	1.0
                                        	wsswsws	0	0	0	0	10.0	0.0	0	1.0
we know their dream enough              	wswsws	0	0	0	0	0	0.0	0	0
to know they dreamed and are dead       	wswswws	0	0	0	0	0	1.0	0	1.0
                                        	wswswsw	0	0	2.0	0	0	0.0	2.0	0
                                        	wswswss	0	0	2.0	0	10.0	0.0	0	1.0
                                        	wswssws	0	0	2.0	0	10.0	0.0	0	1.0
and what if excess of love              	wswwsws	0	0	0	0	0	1.0	0	1.0
                                        	swswsws	0	0	4.0	0	0	0.0	0	0
                                        	wswswsw	0	3.0	2.0	0	0	0.0	4.0	0
                                        	wswssws	0	0	0	0	10.0	0.0	0	1.0
                                        	wwsswws	3.0	3.0	2.0	0	0	0.0	2.0	3.0
bewildered them till they died          	wswswws	0	0	2.0	0	0	1.0	0	1.0
                                        	wswwsws	0	0	2.0	0	0	1.0	0	1.0
                                        	wswswsw	0	0	4.0	0	0	0.0	2.0	0
                                        	wswswss	0	0	4.0	0	10.0	0.0	0	1.0
i write it out in a verse               	wswwsws	0	0	0	0	0	1.0	0	1.0
                                        	swswsws	0	0	4.0	0	0	0.0	2.0	0
                                        	wswswsw	0	0	4.0	0	0	0.0	2.0	0
                                        	wswswss	0	0	4.0	0	10.0	0.0	0	1.0
macdonagh and macbride                  	wswwss	0	0	0	0	0	1.0	2.0	2.0
                                        	wswsws	0	0	2.0	0	0	0.0	4.0	0
                                        	wswwsw	0	0	0	0	0	1.0	4.0	1.0
                                        	sswwss	0	0	0	0	10.0	0	0	3.0
                                        	sswsws	0	0	2.0	0	10.0	0.0	2.0	1.0
                                        	sswwsw	0	0	0	0	10.0	1.0	2.0	2.0
and connolly and pearse                 	wswswsw	0	0	0	0	0	0.0	0	0
now and in time to be                   	swwsws	0	0	0	0	0	1.0	0	1.0
                                        	swwsww	0	0	0	1.0	0	0.0	0	2.0
                                        	swswsw	0	0	2.0	0	0	0.0	2.0	0
                                        	wswsws	0	0	2.0	0	0	0.0	2.0	0
                                        	swssws	0	0	0	0	10.0	0.0	0	1.0
wherever green is worn                  	wswsws	0	0	0	0	0	0.0	0	0
are changed changed utterly             	wswsws	0	0	2.0	0	0	0.0	2.0	0
                                        	wswsww	0	0	0	1.0	0	1.0	2.0	1.0
a terrible beauty is born               	wswwswws	0	0	0	0	0	1.0	0	2.0
                                        	wswwswsw	0	0	2.0	0	0	1.0	2.0	1.0
                                        	wswswsws	3.0	3.0	4.0	0	0	0.0	2.0	0
that is no country for old men the young	wwsswwssws	0	0	0	0	0	1.0	0	4.0
                                        	swwswwssws	0	0	0	0	0	1.0	2.0	3.0
                                        	wwsswwswws	0	0	0	0	0	0.0	2.0	4.0
                                        	swwswwswws	0	0	0	0	0	0.0	4.0	3.0
                                        	wswswwssws	0	0	2.0	0	0	1.0	2.0	2.0
                                        	wwsswswsws	0	0	2.0	0	0	1.0	2.0	2.0
                                        	swwswswsws	0	0	2.0	0	0	1.0	4.0	1.0
                                        	wswswswsws	0	0	4.0	0	0	0.0	4.0	0
                                        	swsswwssws	0	0	0	0	10.0	1.0	0	3.0
                                        	swsswswsws	0	0	2.0	0	10.0	0.0	2.0	1.0
in one another's arms birds in the trees	swwswswsws	0	0	0	0	0	1.0	2.0	1.0
                                        	wswswswsws	0	0	2.0	0	0	0.0	2.0	0
                                        	swwswwswws	0	0	0	0	0	0.0	2.0	3.0
                                        	swwswsswws	0	0	0	0	10.0	1.0	0	3.0
                                        	wswswsswws	0	0	2.0	0	10.0	1.0	0	2.0
                                        	wswswsswss	0	0	4.0	0	20.0	0.0	0	2.0
those dying generations at their song   	wswswswsws	0	0	0	0	0	0.0	0	0
the salmon falls the mackerel crowded seas	wswswswwsws	0	0	0	0	0	1.0	0	1.0
                                        	wswswswswsw	3.0	3.0	4.0	0	0	0.0	4.0	0
                                        	wswswswswss	3.0	3.0	4.0	0	10.0	0.0	2.0	1.0
fish flesh or fowl commend all summer long	wswswswsws	0	0	0	0	0	0.0	2.0	0
                                        	sswswswsws	0	0	0	0	10.0	0.0	0	1.0
whatever is begotten born and dies      	wswswswsws	0	0	2.0	0	0	0.0	0	0
caught in that sensual music all neglect	wswswwswsws	0	0	0	0	0	1.0	2.0	1.0
                                        	swwswwswsws	0	0	0	0	0	2.0	0	2.0
                                        	swwswwswwss	3.0	0	2.0	0	0	0.0	0	4.0
                                        	swwswwsswws	3.0	0	2.0	0	0	0.0	0	4.0
                                        	swswswswsws	3.0	3.0	2.0	0	0	0.0	2.0	0
                                        	sswswwswsws	0	0	0	0	10.0	1.0	0	2.0
                                        	swsswwswsws	0	0	0	0	10.0	1.0	0	2.0
monuments of unageing intellect         	swswwswsws	0	0	2.0	0	0	1.0	0	1.0
                                        	swwswswsws	0	0	2.0	0	0	1.0	0	1.0
                                        	wswswswsws	3.0	3.0	4.0	0	0	0.0	2.0	0
an aged man is but a paltry thing       	wswswswsws	0	0	2.0	0	0	0.0	0	0
a tattered coat upon a stick unless     	wswswswsws	0	0	0	0	0	0.0	0	0
soul clap its hands and sing and louder sing	wswswswsws	0	0	0	0	0	0.0	2.0	0
                                        	sswswswsws	0	0	0	0	10.0	0.0	0	1.0
for every tatter in its mortal dress    	wswswswsws	0	0	0	0	0	0.0	0	0
nor is there singing school but studying	wswswswsws	0	0	4.0	0	0	0.0	0	0
                                        	wswswswsww	0	0	2.0	1.0	0	1.0	0	1.0
monuments of its own magnificence       	swswwswsws	0	0	4.0	0	0	1.0	0	1.0
                                        	swwswswsws	0	0	4.0	0	0	1.0	0	1.0
                                        	swswwswsww	0	0	2.0	1.0	0	2.0	0	2.0
                                        	swwswswsww	0	0	2.0	1.0	0	2.0	0	2.0
                                        	swwsswwsww	0	0	2.0	1.0	0	0.0	0	4.0
                                        	wswswswsws	3.0	3.0	6.0	0	0	0.0	2.0	0
                                        	wswswswsww	3.0	3.0	4.0	1.0	0	1.0	2.0	1.0
and therefore i have sailed the seas and come	wswswswsws	0	0	2.0	0	0	0.0	0	0
                                        	wswwsswsws	0	0	0	0	0	1.0	0	2.0
to the holy city of byzantium           	swswswswsws	0	0	6.0	0	0	0.0	0	0
                                        	wwswswswsws	0	0	4.0	0	0	1.0	0	1.0
                                        	swswswswsww	0	0	4.0	1.0	0	1.0	0	1.0
                                        	wwswswswsww	0	0	2.0	1.0	0	2.0	0	2.0
o sages standing in god's holy fire     	wswswswsws	0	0	0	0	0	0.0	2.0	0
                                        	wswswwssws	0	0	0	0	0	1.0	0	2.0
as in the gold mosaic of a wall         	wswswswsws	0	0	2.0	0	0	0.0	0	0
come from the holy fire perne in a gyre 	swwswswswsw	0	0	0	0	0	1.0	2.0	1.0
                                        	wswswswswsw	0	0	2.0	0	0	0.0	4.0	0
                                        	swwswwswwss	3.0	0	2.0	0	0	0.0	2.0	4.0
                                        	swwswsswwsw	0	0	0	0	10.0	2.0	0	3.0
                                        	swwswsswwss	3.0	0	2.0	0	10.0	1.0	0	4.0
                                        	swwswsswssw	0	0	2.0	0	20.0	1.0	0	3.0
                                        	wswswsswssw	0	0	4.0	0	20.0	0.0	2.0	2.0
and be the singing masters of my soul   	wswswswsws	0	0	2.0	0	0	0.0	0	0
consume my heart away sick with desire  	wswswswsws	0	0	2.0	0	0	0.0	2.0	0
                                        	wswswwswws	0	3.0	0	0	0	2.0	2.0	2.0
                                        	wswswsswws	0	0	0	0	10.0	1.0	0	2.0
                                        	wswswsswss	3.0	0	2.0	0	20.0	0.0	0	2.0
and fastened to a dying animal          	wswswswsws	0	0	4.0	0	0	0.0	0	0
                                        	wswswswsww	0	0	2.0	1.0	0	1.0	0	1.0
it knows not what it is and gather me   	wswswswsws	0	0	4.0	0	0	0.0	0	0
                                        	wswswswsww	0	0	2.0	1.0	0	1.0	0	1.0
into the artifice of eternity           	wswswswwsws	0	0	4.0	0	0	1.0	0	1.0
                                        	wswswwswsws	0	0	4.0	0	0	1.0	0	1.0
                                        	wswswswwsww	0	0	2.0	1.0	0	2.0	0	2.0
                                        	wswswwswsww	0	0	2.0	1.0	0	2.0	0	2.0
                                        	swwswswwsww	0	0	2.0	1.0	0	1.0	0	3.0
                                        	swwswwswsww	0	0	2.0	1.0	0	1.0	0	3.0
                                        	swswswswsws	3.0	3.0	8.0	0	0	0.0	2.0	0
                                        	swwswwswwss	3.0	3.0	4.0	0	0	0.0	2.0	4.0
                                        	swwswwsswws	3.0	3.0	4.0	0	0	0.0	2.0	4.0
                                        	wswswswswsw	6.0	3.0	6.0	0	0	0.0	2.0	0
once out of nature i shall never take   	swwswwssws	0	0	0	0	0	1.0	0	3.0
                                        	swwswswsws	0	0	2.0	0	0	1.0	0	1.0
                                        	wswswswsws	0	0	4.0	0	0	0.0	2.0	0
                                        	swwswwssww	0	0	0	1.0	0	0.0	2.0	4.0
                                        	swwswwswws	0	3.0	0	0	0	0.0	2.0	3.0
my bodily form from any natural thing   	wswwswswsws	0	0	0	0	0	1.0	0	1.0
                                        	swswswswsws	3.0	3.0	4.0	0	0	0.0	2.0	0
but such a form as grecian goldsmiths make	wswswswwsws	0	0	2.0	0	0	1.0	0	1.0
                                        	wswswswswsw	3.0	3.0	6.0	0	0	0.0	4.0	0
                                        	wswswswswss	3.0	3.0	6.0	0	10.0	0.0	2.0	1.0
of hammered gold and gold enamelling    	wswswswsws	0	0	2.0	0	0	0.0	0	0
                                        	wswswswsww	0	0	0	1.0	0	1.0	0	1.0
to keep a drowsy emperor awake          	wswswswsws	0	0	2.0	0	0	0.0	0	0
or set upon a golden bough to sing      	wswswswsws	0	0	0	0	0	0.0	0	0
to lords and ladies of byzantium        	wswswswsws	0	0	4.0	0	0	0.0	0	0
                                        	wswswswsww	0	0	2.0	1.0	0	1.0	0	1.0
of what is past or passing or to come   	wswswswsws	0	0	2.0	0	0	0.0	0	0
a strange thing surely that my heart when love had come unsought	wswswswswswsws	0	0	0	0	0	0.0	2.0	0
upon the norman upland or in that poplar shade	wswswswwswsws	0	0	0	0	0	1.0	0	1.0
                                        	wswswswswssws	0	0	2.0	0	10.0	0.0	0	1.0
                                        	wswswswswswsw	3.0	3.0	4.0	0	0	0.0	4.0	0
should find no burden but itself and yet should be worn out	wswswswswswwsw	0	0	2.0	0	0	1.0	2.0	1.0
                                        	wswswswswwswsw	0	0	2.0	0	0	1.0	2.0	1.0
                                        	wswswswswswsws	0	0	4.0	0	0	0.0	4.0	0
                                        	wswswswswsswsw	0	0	2.0	0	10.0	0.0	2.0	1.0
                                        	wswswswswswssw	0	0	2.0	0	10.0	0.0	2.0	1.0
it could not bear that burden and therefore it went mad	wswswswwswwss	0	0	0	0	0	2.0	0	3.0
                                        	wswswswwswsws	0	0	2.0	0	0	1.0	2.0	1.0
                                        	wswswswwswwsw	0	0	0	0	0	2.0	2.0	2.0
                                        	wwsswswwswwss	0	0	0	0	0	1.0	0	5.0
                                        	wwswwswwswwss	0	0	0	0	0	0.0	2.0	5.0
                                        	wwswwswwswwsw	0	0	0	0	0	1.0	4.0	4.0
                                        	wswswswswswsw	3.0	3.0	4.0	0	0	0.0	4.0	0
                                        	wswswswswswss	3.0	3.0	4.0	0	10.0	0.0	2.0	1.0
the south wind brought it longing and the east wind despair	wswswswswswws	0	0	2.0	0	0	1.0	4.0	1.0
                                        	wswswswswwsws	0	0	2.0	0	0	1.0	4.0	1.0
                                        	wswswswwswsws	0	0	2.0	0	0	1.0	4.0	1.0
                                        	wswswswswssws	0	0	2.0	0	10.0	0.0	2.0	1.0
                                        	wswswswswswsw	3.0	3.0	4.0	0	0	0.0	6.0	0
the west wind made it pitiful and the north wind afraid	wswswswswwssws	0	0	2.0	0	0	1.0	2.0	2.0
                                        	wswswswswswsws	0	0	4.0	0	0	0.0	4.0	0
it feared to give its love a hurt with all the tempest there	wswswswswswsws	0	0	2.0	0	0	0.0	0	0
                                        	wswswswswswsww	0	0	0	1.0	0	1.0	0	1.0
it feared the hurt that she could give and therefore it went mad	wswswswswswwss	0	0	2.0	0	0	1.0	0	2.0
                                        	wswswwsswswwss	0	0	0	0	0	2.0	0	4.0
                                        	wswswswswswsws	0	0	4.0	0	0	0.0	2.0	0
                                        	wswswswswswwsw	0	0	2.0	0	0	1.0	2.0	1.0
                                        	wswswwsswswwsw	0	0	0	0	0	2.0	2.0	3.0
                                        	wswsswsswswwss	0	0	0	0	20.0	1.0	0	4.0
                                        	wswsswsswswsws	0	0	2.0	0	20.0	0.0	2.0	2.0
                                        	wswsswsswswwsw	0	0	0	0	20.0	1.0	2.0	3.0
i can exchange opinion with any neighbouring mind	wswswswwswswws	0	0	2.0	0	0	2.0	0	2.0
                                        	wswswswwswswsw	0	0	4.0	0	0	1.0	2.0	1.0
                                        	wswswswwswswss	0	0	4.0	0	10.0	1.0	0	2.0
                                        	wswswswswswsws	6.0	6.0	8.0	0	0	0.0	4.0	0
i have as healthy flesh and blood as any rhymer's had	wswswswswswsws	0	0	0	0	0	0.0	0	0
but o my heart could bear no more when the upland	wswswwswswsw	0	0	2.0	0	0	1.0	2.0	1.0
                                        	wswswswwswsw	0	0	2.0	0	0	1.0	2.0	1.0
                                        	wswswswswwsw	0	0	2.0	0	0	1.0	2.0	1.0
                                        	wswswswwswsw	0	0	2.0	0	0	1.0	2.0	1.0
                                        	wswswwswswsw	0	0	2.0	0	0	1.0	2.0	1.0
                                        	swswswswswsw	0	0	4.0	0	0	0.0	4.0	0
                                        	wswswsswswsw	0	0	2.0	0	10.0	0.0	0	1.0
caught the wind                         	sws	0	0	0	0	0	0	0	0
i ran i ran from my love's side because my heart went mad	wswswwsswswsws	0	0	0	0	0	1.0	2.0	2.0
                                        	wswswswswswsws	0	0	2.0	0	0	0.0	4.0	0
the heart behind its rib laughed out you have called me mad it said	wswswswswwswsws	0	0	2.0	0	0	1.0	2.0	1.0
                                        	wswswswwswswsws	0	0	2.0	0	0	1.0	2.0	1.0
                                        	wswswwswswswsws	0	0	2.0	0	0	1.0	2.0	1.0
                                        	wswswwswwsswsws	0	0	0	0	0	2.0	2.0	3.0
                                        	wswswsswswswsws	0	0	2.0	0	10.0	0.0	0	1.0
                                        	wswswswswswswsw	0	0	6.0	0	0	0.0	8.0	0
                                        	wswswsswwsswsws	0	0	0	0	10.0	1.0	0	3.0
                                        	swswswswswswsws	3.0	3.0	8.0	0	0	0.0	6.0	0
because i made you turn away and run from that young child	wswswswswswsws	0	0	0	0	0	0.0	2.0	0
                                        	wswswswswswwss	0	0	0	0	0	1.0	0	2.0
how could she mate with fifty years that was so wildly bred	wswswswswswsws	0	0	2.0	0	0	0.0	0	0
                                        	wswswswwswwsws	0	0	0	0	0	2.0	0	2.0
                                        	wswswswsswwsws	0	0	0	0	10.0	1.0	0	2.0
let the cage bird and the cage bird mate and the wild bird mate in the wild	swswswswswwsswsws	0	0	2.0	0	0	1.0	6.0	2.0
                                        	swswswswswswswsws	0	0	4.0	0	0	0.0	8.0	0
                                        	swwswwswswwswwsws	0	0	0	0	0	2.0	6.0	4.0
                                        	swwswwswswwswswws	0	0	0	0	0	2.0	6.0	4.0
                                        	swwswwswswswswsws	0	0	2.0	0	0	2.0	8.0	2.0
                                        	swwswwswswwswwsww	0	0	0	1.0	0	1.0	8.0	5.0
                                        	swwswwswswwsswwss	0	0	2.0	0	0	1.0	6.0	6.0
                                        	swsswwswswwsswsws	0	0	0	0	10.0	2.0	4.0	4.0
                                        	swsswwswswswswsws	0	0	2.0	0	10.0	1.0	6.0	2.0
you but imagine lies all day o murderer i replied	wswswswswswswws	0	0	4.0	0	0	1.0	0	1.0
                                        	wswswswswswwsws	0	0	4.0	0	0	1.0	0	1.0
                                        	wswswswswswswsw	3.0	3.0	6.0	0	0	0.0	2.0	0
                                        	wswswswswswswss	3.0	0	6.0	0	10.0	0.0	0	1.0
and all those lies have but one end poor wretches to betray	wswswswswswsws	0	0	4.0	0	0	0.0	2.0	0
                                        	wswwswwswswsws	0	0	2.0	0	0	2.0	4.0	2.0
                                        	wswsswwswswsws	0	0	2.0	0	10.0	1.0	2.0	2.0
                                        	wswwswwswwswws	3.0	3.0	2.0	0	0	1.0	4.0	4.0
i did not find in any cage the woman at my side	wswswswswswsws	0	0	0	0	0	0.0	0	0
o but her heart would break to learn my thoughts are far away	wswswswswswsws	0	0	2.0	0	0	0.0	0	0
speak all your mind my heart sang out speak all your mind who cares	wswswswwsswsws	0	0	0	0	0	1.0	4.0	2.0
                                        	swwswswwsswsws	0	0	0	0	0	2.0	2.0	3.0
                                        	swwswswwswwsws	0	0	0	0	0	2.0	2.0	3.0
                                        	swwswwswswwsws	0	0	0	0	0	2.0	2.0	3.0
                                        	wswswswswswsws	0	0	2.0	0	0	0.0	6.0	0
                                        	swwswswswswsws	0	0	2.0	0	0	1.0	4.0	1.0
                                        	wswswsswswwsws	0	0	0	0	10.0	1.0	2.0	2.0
                                        	swwswsswswwsws	0	0	0	0	10.0	2.0	0	3.0
                                        	sswswswswswsws	0	0	2.0	0	10.0	0.0	4.0	1.0
                                        	wswswsswsswsws	0	0	0	0	20.0	0.0	2.0	2.0
                                        	sswswsswswwsws	0	0	0	0	20.0	1.0	0	3.0
                                        	swwswsswsswsws	0	0	0	0	20.0	1.0	0	3.0
                                        	sswswsswsswsws	0	0	0	0	30.0	0.0	0	3.0
now that your tongue cannot persuade the child till she mistake	wswswswswswsws	0	0	2.0	0	0	0.0	2.0	0
                                        	swwswswswswsws	0	0	2.0	0	0	1.0	0	1.0
                                        	sswswswswswsws	0	0	2.0	0	10.0	0.0	0	1.0
her childish gratitude for love and match your fifty years	wswswswswswsws	0	0	0	0	0	0.0	0	0
o let her choose a young man now and all for his wild sake	wswswswswswwss	0	0	0	0	0	1.0	2.0	2.0
                                        	wswswswswswsws	0	0	2.0	0	0	0.0	4.0	0
                                        	wswswswswswwsw	0	0	0	0	0	1.0	4.0	1.0
the light of evening lissadell          	wswswsws	0	0	2.0	0	0	0.0	0	0
                                        	wswswsww	0	0	0	1.0	0	1.0	0	1.0
great windows open to the south         	wswswsws	0	0	2.0	0	0	0.0	2.0	0
                                        	sswswsws	0	0	2.0	0	10.0	0.0	0	1.0
two girls in silk kimonos both          	wswswsws	0	0	0	0	0	0.0	2.0	0
                                        	sswswsws	0	0	0	0	10.0	0.0	0	1.0
beautiful one a gazelle                 	swswsws	0	0	4.0	0	0	0.0	0	0
                                        	swwswws	0	0	2.0	0	0	0.0	0	2.0
but a raving autumn shears              	swswsws	0	0	2.0	0	0	0.0	0	0
                                        	wwswsws	0	0	0	0	0	1.0	0	1.0
                                        	wwswwss	3.0	3.0	2.0	0	0	0.0	2.0	3.0
                                        	wwsswws	3.0	3.0	2.0	0	0	0.0	2.0	3.0
blossom from the summer's wreath        	swswsws	0	0	2.0	0	0	0.0	0	0
the older is condemned to death         	wswswsws	0	0	2.0	0	0	0.0	0	0
pardoned drags out lonely years         	swswsws	0	0	0	0	0	0.0	0	0
conspiring among the ignorant           	wswswswsws	0	0	4.0	0	0	0.0	0	0
                                        	wswswswsww	0	0	2.0	1.0	0	1.0	0	1.0
i know not what the younger dreams      	wswswsws	0	0	0	0	0	0.0	0	0
some vague utopia and she seems         	wswswswws	0	0	2.0	0	0	1.0	0	1.0
                                        	wswswwsws	0	0	2.0	0	0	1.0	0	1.0
                                        	wswswswsw	0	0	4.0	0	0	0.0	2.0	0
                                        	wswswswss	0	0	4.0	0	10.0	0.0	0	1.0
when withered old and skeleton gaunt    	wswswswws	0	0	0	0	0	1.0	0	1.0
                                        	wswswswsw	0	0	2.0	0	0	0.0	2.0	0
                                        	wswswswss	0	0	2.0	0	10.0	0.0	0	1.0
an image of such politics               	wswswsws	0	0	2.0	0	0	0.0	0	0
many a time i think to seek             	swwswsws	0	0	0	0	0	1.0	0	1.0
                                        	swwswwss	0	0	2.0	0	0	0.0	2.0	3.0
                                        	swwsswws	0	0	2.0	0	0	0.0	2.0	3.0
                                        	wswswsws	3.0	3.0	2.0	0	0	0.0	2.0	0
                                        	swswswsw	0	0	6.0	0	0	0.0	6.0	0
                                        	swswswss	0	0	6.0	0	10.0	0.0	4.0	1.0
one or the other out and speak          	wswswsws	0	0	4.0	0	0	0.0	0	0
of that old georgian mansion mix        	wswswsws	0	0	0	0	0	0.0	2.0	0
                                        	wwsswsws	0	0	0	0	0	1.0	0	2.0
                                        	swsswsws	0	0	2.0	0	10.0	0.0	0	1.0
pictures of the mind recall             	swswsws	0	0	2.0	0	0	0.0	0	0
that table and the talk of youth        	wswswsws	0	0	2.0	0	0	0.0	0	0
two girls in silk kimonos both          	wswswsws	0	0	0	0	0	0.0	2.0	0
                                        	sswswsws	0	0	0	0	10.0	0.0	0	1.0
beautiful one a gazelle                 	swswsws	0	0	4.0	0	0	0.0	0	0
                                        	swwswws	0	0	2.0	0	0	0.0	0	2.0
dear shadows now you know it all        	swswswsws	0	3.0	0	0	0	0.0	2.0	0
                                        	swsswwsws	0	0	0	0	10.0	1.0	2.0	2.0
                                        	swsswswsw	0	0	4.0	0	10.0	0.0	4.0	1.0
all the folly of a fight                	swswsws	0	0	2.0	0	0	0.0	0	0
with a common wrong or right            	swswsws	0	0	2.0	0	0	0.0	0	0
                                        	wwswsws	0	0	0	0	0	1.0	0	1.0
                                        	wwswwss	0	0	2.0	0	0	0.0	2.0	3.0
the innocent and the beautiful          	wswswwsws	0	0	4.0	0	0	1.0	0	1.0
                                        	wswwswsws	0	0	4.0	0	0	1.0	0	1.0
                                        	wswswwsww	0	0	2.0	1.0	0	2.0	0	2.0
                                        	wswwswsww	0	0	2.0	1.0	0	2.0	0	2.0
                                        	wswswswsw	3.0	3.0	6.0	0	0	0.0	2.0	0
have no enemy but time                  	swswsws	0	0	2.0	0	0	0.0	2.0	0
                                        	wsswsws	0	0	2.0	0	10.0	0.0	0	1.0
arise and bid me strike a match         	swswsws	0	0	0	0	0	0.0	0	0
and strike another till time catch      	wswswwss	0	0	0	0	0	1.0	0	2.0
                                        	wswswsws	0	0	2.0	0	0	0.0	2.0	0
                                        	wswswwsw	0	0	0	0	0	1.0	2.0	1.0
should the conflagration climb          	swswsws	0	0	0	0	0	0.0	0	0
run till all the sages know             	swswsws	0	0	0	0	0	0.0	0	0
we the great gazebo built               	wwssws	0	0	0	0	0	1.0	0	2.0
                                        	wswsws	0	0	2.0	0	0	0.0	2.0	0
                                        	wwssww	0	0	0	1.0	0	0.0	2.0	3.0
                                        	wwswws	0	3.0	0	0	0	0.0	2.0	2.0
                                        	swssws	0	0	2.0	0	10.0	0.0	0	1.0
they convicted us of guilt              	swswsws	0	0	4.0	0	0	0.0	0	0
                                        	wwswsws	0	0	2.0	0	0	1.0	0	1.0
                                        	wwswwss	0	0	2.0	0	0	0.0	0	3.0
bid me strike a match and blow          	swswsws	0	0	0	0	0	0.0	0	0
crazed through much child bearing       	swswsw	0	0	0	0	0	0.0	2.0	0
                                        	swwssw	0	0	0	0	0	1.0	0	2.0
the moon is staggering in the sky       	wswswwsws	0	0	0	0	0	1.0	0	1.0
                                        	wswswswsw	0	0	4.0	0	0	0.0	2.0	0
                                        	wswswswss	0	0	4.0	0	10.0	0.0	0	1.0
moon struck by the despairing           	wswswsw	0	0	2.0	0	0	0.0	2.0	0
                                        	sswswsw	0	0	2.0	0	10.0	0.0	0	1.0
glances of her wandering eye            	swswswws	0	0	2.0	0	0	1.0	0	1.0
                                        	swswswsw	0	0	4.0	0	0	0.0	2.0	0
                                        	swswswss	0	0	4.0	0	10.0	0.0	0	1.0
we grope and grope in vain              	wswsws	0	0	0	0	0	0.0	0	0
for children born of her pain           	wswswws	0	0	0	0	0	1.0	0	1.0
                                        	wswswsw	0	0	2.0	0	0	0.0	2.0	0
                                        	wswswss	0	0	2.0	0	10.0	0.0	0	1.0
                                        	wswssws	0	0	2.0	0	10.0	0.0	0	1.0
children dazed or dead                  	swsws	0	0	0	0	0	0.0	0	0
when she in all her virginal pride      	swswwswws	0	0	0	0	0	1.0	0	2.0
                                        	swwswswws	0	0	0	0	0	1.0	0	2.0
                                        	wwswwswws	0	0	0	0	0	0.0	0	3.0
                                        	wswswswws	0	0	2.0	0	0	1.0	0	1.0
                                        	wswswswsw	0	0	4.0	0	0	0.0	2.0	0
                                        	swsswswsw	0	0	2.0	0	10.0	0.0	2.0	1.0
                                        	wswswswss	0	0	4.0	0	10.0	0.0	0	1.0
                                        	swsswswss	0	0	2.0	0	20.0	0.0	0	2.0
first trod on the mountain's head       	swswsws	0	0	2.0	0	0	0.0	2.0	0
                                        	wswwsws	0	0	0	0	0	1.0	2.0	1.0
                                        	sswwsws	0	0	0	0	10.0	1.0	0	2.0
                                        	sswwsww	0	0	0	1.0	10.0	0.0	2.0	3.0
what stir ran through the countryside   	swswwsws	0	0	0	0	0	1.0	2.0	1.0
                                        	wswswsws	0	0	2.0	0	0	0.0	2.0	0
                                        	wwswwsww	0	3.0	0	1.0	0	0.0	4.0	3.0
                                        	wsswwsws	0	0	0	0	10.0	1.0	0	2.0
where every foot obeyed her glance      	wswswsws	0	0	0	0	0	0.0	0	0
what manhood led the dance              	wswsws	0	3.0	0	0	0	0.0	2.0	0
                                        	wsswws	0	0	0	0	10.0	1.0	2.0	2.0
                                        	wsswsw	0	0	2.0	0	10.0	0.0	4.0	1.0
                                        	wsswss	0	0	2.0	0	20.0	0.0	2.0	2.0
fly catchers of the moon                	wswsws	0	0	2.0	0	0	0.0	2.0	0
                                        	sswsws	0	0	2.0	0	10.0	0.0	0	1.0
our hands are blenched our fingers seem 	wswswsws	0	0	0	0	0	0.0	0	0
but slender needles of bone             	wswswws	0	0	0	0	0	1.0	0	1.0
                                        	wswswsw	0	0	2.0	0	0	0.0	2.0	0
                                        	wswswss	0	0	2.0	0	10.0	0.0	0	1.0
blenched by that malicious dream        	swswsws	0	0	0	0	0	0.0	0	0
they are spread wide that each          	wwssws	0	0	0	0	0	1.0	0	2.0
                                        	wwswws	0	0	0	0	0	0.0	2.0	2.0
                                        	swswsw	0	0	2.0	0	0	0.0	2.0	0
                                        	wwswsw	0	0	0	0	0	1.0	2.0	1.0
                                        	wswsws	0	0	2.0	0	0	0.0	2.0	0
                                        	wwswws	0	0	0	0	0	0.0	2.0	2.0
                                        	wwssww	0	0	0	1.0	0	0.0	0	3.0
                                        	swssws	0	0	2.0	0	10.0	0.0	0	1.0
may rend what comes in reach            	wswsws	0	0	0	0	0	0.0	0	0
the threefold terror of love a fallen flare	wswswwswsws	0	3.0	0	0	0	1.0	2.0	1.0
                                        	swswswswsws	3.0	6.0	4.0	0	0	0.0	4.0	0
through the hollow of an ear            	swswsws	0	0	4.0	0	0	0.0	0	0
                                        	wwswsws	0	0	2.0	0	0	1.0	0	1.0
                                        	wwswwss	0	0	2.0	0	0	0.0	0	3.0
wings beating about the room            	wswwsws	0	0	0	0	0	1.0	2.0	1.0
                                        	swswsws	3.0	3.0	2.0	0	0	0.0	2.0	0
                                        	sswwsws	0	0	0	0	10.0	1.0	0	2.0
                                        	sswwsww	0	0	0	1.0	10.0	0.0	2.0	3.0
the terror of all terrors that i bore   	wswswswsws	0	0	2.0	0	0	0.0	0	0
                                        	wswwsswsws	0	0	0	0	0	1.0	0	2.0
the heavens in my womb                  	wswsws	0	0	0	0	0	0.0	0	0
had i not found content among the shows 	swwswswsws	0	0	0	0	0	1.0	0	1.0
                                        	wswswswsws	0	0	2.0	0	0	0.0	0	0
                                        	swwsswwsww	0	0	0	1.0	0	0.0	2.0	4.0
                                        	swsswswsws	0	0	0	0	10.0	0.0	0	1.0
every common woman knows                	swswsws	0	0	0	0	0	0.0	0	0
chimney corner garden walk              	swswsws	0	0	0	0	0	0.0	0	0
or rocky cistern where we tread the clothes	wswswswsws	0	0	0	0	0	0.0	0	0
and gather all the talk                 	wswsws	0	0	0	0	0	0.0	0	0
what is this flesh i purchased with my pains	swwswswsws	0	0	2.0	0	0	1.0	0	1.0
                                        	wswswswsws	0	0	4.0	0	0	0.0	0	0
                                        	swwswwswws	3.0	3.0	2.0	0	0	0.0	2.0	3.0
this fallen star my milk sustains       	wswswsws	0	0	0	0	0	0.0	0	0
this love that makes my heart's blood stop	wswswsws	0	0	0	0	0	0.0	2.0	0
or strikes a sudden chill into my bones 	wswswswsws	0	0	0	0	0	0.0	0	0
and bids my hair stand up               	wswsws	0	0	2.0	0	0	0.0	2.0	0
                                        	wswwsw	0	0	0	0	0	1.0	2.0	1.0
                                        	wswssw	0	0	0	0	10.0	0.0	0	1.0
under the great comedian's tomb the crowd	swwswswwsws	0	0	0	0	0	2.0	0	2.0
                                        	swwswswwsww	0	0	0	1.0	0	1.0	2.0	3.0
                                        	swwswswswsw	0	0	4.0	0	0	1.0	4.0	1.0
                                        	wswswswwsws	3.0	3.0	2.0	0	0	1.0	2.0	1.0
                                        	wswswswswsw	3.0	3.0	6.0	0	0	0.0	6.0	0
                                        	swswswswsws	6.0	3.0	6.0	0	0	0.0	4.0	0
                                        	swwswswswss	0	0	4.0	0	10.0	1.0	2.0	2.0
                                        	wswswswswss	3.0	3.0	6.0	0	10.0	0.0	4.0	1.0
a bundle of tempestuous cloud is blown  	wswwsswwsws	0	0	0	0	0	2.0	0	3.0
                                        	wswwsswwsww	0	0	0	1.0	0	1.0	2.0	4.0
                                        	wswswswwsws	0	3.0	2.0	0	0	1.0	2.0	1.0
                                        	wswwsswswsw	0	0	4.0	0	0	1.0	4.0	2.0
                                        	wswswswswsw	0	3.0	6.0	0	0	0.0	6.0	0
                                        	wswwsswswss	0	0	4.0	0	10.0	1.0	2.0	3.0
                                        	swswswswsws	6.0	6.0	6.0	0	0	0.0	4.0	0
                                        	wswswswswss	0	3.0	6.0	0	10.0	0.0	4.0	1.0
about the sky where that is clear of cloud	wswswswsws	0	0	0	0	0	0.0	0	0
brightness remains a brighter star shoots down	swwswswsws	0	0	2.0	0	0	1.0	2.0	1.0
                                        	swwswswwsw	0	0	0	0	0	2.0	2.0	2.0
                                        	swwswswssw	0	0	0	0	10.0	1.0	0	2.0
                                        	wswswswsws	3.0	3.0	4.0	0	0	0.0	4.0	0
                                        	wswswswwsw	3.0	3.0	2.0	0	0	1.0	4.0	1.0
                                        	swwswwswws	3.0	3.0	4.0	0	0	0.0	4.0	3.0
                                        	wswswswssw	3.0	3.0	2.0	0	10.0	0.0	2.0	1.0
what shudders run through all that animal blood	wswswswswws	0	0	0	0	0	1.0	0	1.0
                                        	wswswswswsw	0	0	2.0	0	0	0.0	2.0	0
                                        	wswswswswss	0	0	2.0	0	10.0	0.0	0	1.0
what is this sacrifice can someone there	swwswswsws	0	3.0	2.0	0	0	1.0	2.0	1.0
                                        	swwswswwsw	0	3.0	0	0	0	2.0	2.0	2.0
                                        	wswswswsws	0	3.0	4.0	0	0	0.0	2.0	0
                                        	wswswswwsw	0	3.0	2.0	0	0	1.0	2.0	1.0
                                        	swwswswssw	0	0	0	0	10.0	1.0	0	2.0
                                        	wswswswssw	0	0	2.0	0	10.0	0.0	0	1.0
recall the cretan barb that pierced a star	wswswswswws	0	0	0	0	0	1.0	0	1.0
                                        	wswswswswsw	0	0	2.0	0	0	0.0	2.0	0
                                        	wswswswswss	0	0	2.0	0	10.0	0.0	0	1.0
rich foliage that the starlight glittered through	wswswswsws	0	3.0	2.0	0	0	0.0	4.0	0
                                        	wswswswsww	0	3.0	0	1.0	0	1.0	4.0	1.0
                                        	sswswswsws	0	3.0	2.0	0	10.0	0.0	2.0	1.0
                                        	sswswswsww	0	3.0	0	1.0	10.0	1.0	2.0	2.0
a frenzied crowd and where the branches sprang	wswswswsws	0	0	0	0	0	0.0	0	0
a beautiful seated boy a sacred bow     	wswwswswsws	0	0	0	0	0	1.0	0	1.0
                                        	swswswswsws	3.0	3.0	4.0	0	0	0.0	2.0	0
a woman and an arrow on a string        	wswswswsws	0	0	4.0	0	0	0.0	0	0
a pierced boy image of a star laid low  	wswwswswsws	0	0	2.0	0	0	1.0	4.0	1.0
                                        	wswsswswsws	0	0	2.0	0	10.0	0.0	2.0	1.0
                                        	wswswswswsw	3.0	3.0	4.0	0	0	0.0	6.0	0
that woman the great mother imaging     	wswwsswsws	0	0	2.0	0	0	1.0	0	2.0
                                        	wswswswsws	0	0	4.0	0	0	0.0	2.0	0
                                        	wswwsswsww	0	0	0	1.0	0	2.0	0	3.0
                                        	wswswswsww	0	0	2.0	1.0	0	1.0	2.0	1.0
                                        	sswwsswsww	0	0	0	1.0	10.0	1.0	0	4.0
                                        	sswwsswwss	3.0	3.0	2.0	0	10.0	0.0	2.0	5.0
cut out his heart some master of design 	swwswswsws	0	0	2.0	0	0	1.0	0	1.0
                                        	wswswswsws	0	0	4.0	0	0	0.0	2.0	0
                                        	swwswwswws	3.0	3.0	2.0	0	0	0.0	2.0	3.0
                                        	swwswwswws	3.0	3.0	2.0	0	0	0.0	2.0	3.0
stamped boy and tree upon sicilian coin 	wswswswswws	0	0	0	0	0	1.0	2.0	1.0
                                        	wswswswswsw	0	0	2.0	0	0	0.0	4.0	0
                                        	sswswswswws	0	0	0	0	10.0	1.0	0	2.0
                                        	sswswswswsw	0	0	2.0	0	10.0	0.0	2.0	1.0
                                        	wswswswswss	0	0	2.0	0	10.0	0.0	2.0	1.0
                                        	sswswswswss	0	0	2.0	0	20.0	0.0	0	2.0
an age is the reversal of an age        	wswswswsws	0	0	4.0	0	0	0.0	0	0
when strangers murdered emmet fitzgerald tone	wswswswwsws	0	0	0	0	0	1.0	0	1.0
                                        	wswswswswsw	6.0	3.0	4.0	0	0	0.0	4.0	0
                                        	wswswswswss	6.0	3.0	4.0	0	10.0	0.0	2.0	1.0
we lived like men that watch a painted stage	wswswswsws	0	0	0	0	0	0.0	0	0
what matter for the scene the scene once gone	wswswswsws	0	0	2.0	0	0	0.0	2.0	0
it had not touched our lives but popular rage	wswswswswws	0	0	0	0	0	1.0	0	1.0
                                        	wswswswswsw	0	0	2.0	0	0	0.0	2.0	0
                                        	wswswswswss	0	0	2.0	0	10.0	0.0	0	1.0
i{hysterica passio dragged this quarry down	wswswswswwsws	0	0	2.0	0	0	1.0	4.0	1.0
                                        	wswswswswwsww	0	0	0	1.0	0	2.0	4.0	2.0
                                        	wswswswsswsws	0	0	2.0	0	10.0	0.0	2.0	1.0
                                        	wswswswswswsw	3.0	3.0	4.0	0	0	0.0	6.0	0
                                        	wswswswsswsww	0	0	0	1.0	10.0	1.0	2.0	2.0
                                        	sswswswswwsws	0	0	2.0	0	10.0	1.0	2.0	2.0
                                        	sswswswswwsww	0	0	0	1.0	10.0	2.0	2.0	3.0
                                        	sswswswsswsws	0	0	2.0	0	20.0	0.0	0	2.0
                                        	sswswswswswsw	3.0	3.0	4.0	0	10.0	0.0	4.0	1.0
                                        	sswswswsswsww	0	0	0	1.0	20.0	1.0	0	3.0
none shared our guilt nor did we play a part	wswswswsws	0	0	0	0	0	0.0	2.0	0
                                        	sswswswsws	0	0	0	0	10.0	0.0	0	1.0
upon a painted stage when we devoured his heart	wswswswswswws	0	0	2.0	0	0	1.0	0	1.0
                                        	wswswswswswsw	0	0	4.0	0	0	0.0	2.0	0
                                        	wswswwswwswws	0	0	0	0	0	2.0	2.0	3.0
                                        	wswswsswwswws	0	0	0	0	10.0	2.0	0	3.0
                                        	wswswswswswss	0	0	4.0	0	10.0	0.0	0	1.0
come fix upon me that accusing eye      	wswswswsws	0	0	0	0	0	0.0	2.0	0
                                        	sswswswsws	0	0	0	0	10.0	0.0	0	1.0
i thirst for accusation all that was sung	wswswswswws	0	0	0	0	0	1.0	0	1.0
                                        	wswswswwsws	0	0	0	0	0	1.0	0	1.0
                                        	wswswswswsw	0	0	2.0	0	0	0.0	2.0	0
                                        	wswswswssws	0	0	0	0	10.0	0.0	0	1.0
all that was said in ireland is a lie   	wswswswswws	0	0	2.0	0	0	1.0	0	1.0
                                        	wswswswwsws	0	0	2.0	0	0	1.0	0	1.0
                                        	wswswswswsw	0	0	4.0	0	0	0.0	2.0	0
                                        	wswswswswss	0	0	4.0	0	10.0	0.0	0	1.0
bred out of the contagion of the throng 	swswwswsws	0	0	4.0	0	0	1.0	0	1.0
                                        	swwswswsws	0	0	4.0	0	0	1.0	0	1.0
                                        	wswswswsws	0	0	6.0	0	0	0.0	2.0	0
saving the rhyme rats hear before they die	swwswswsws	0	0	0	0	0	1.0	2.0	1.0
                                        	swwswwssww	0	0	0	1.0	0	0.0	4.0	4.0
                                        	swwswwswws	0	3.0	0	0	0	0.0	4.0	3.0
                                        	wswswswsws	3.0	3.0	2.0	0	0	0.0	4.0	0
                                        	swswswswsw	0	3.0	4.0	0	0	0.0	8.0	0
                                        	swswswssws	0	0	2.0	0	10.0	0.0	4.0	1.0
leave nothing but the nothings that belong	wswswswsws	0	0	2.0	0	0	0.0	2.0	0
                                        	sswswswsws	0	0	2.0	0	10.0	0.0	0	1.0
to this bare soul let all men judge that can	swswswswsw	0	0	2.0	0	0	0.0	4.0	0
                                        	wwswswswsw	0	0	0	0	0	1.0	4.0	1.0
                                        	wwsswwssww	0	0	0	1.0	0	0.0	2.0	5.0
                                        	wwsswwssws	0	0	2.0	0	0	1.0	2.0	4.0
                                        	swswswssws	0	0	4.0	0	10.0	0.0	2.0	1.0
                                        	wwswswssws	0	0	2.0	0	10.0	1.0	2.0	2.0
                                        	swswswssww	0	0	2.0	1.0	10.0	1.0	2.0	2.0
                                        	wwswswssww	0	0	0	1.0	10.0	2.0	2.0	3.0
whether it be an animal or a man        	swwswswswws	0	0	2.0	0	0	2.0	0	2.0
                                        	swwswswwsws	0	0	2.0	0	0	2.0	0	2.0
                                        	swwswswswsw	0	0	4.0	0	0	1.0	2.0	1.0
                                        	swwswswwsww	0	0	2.0	1.0	0	1.0	2.0	3.0
                                        	wswswswswws	3.0	3.0	4.0	0	0	1.0	2.0	1.0
                                        	wswswswwsws	3.0	3.0	4.0	0	0	1.0	2.0	1.0
                                        	wswswswswsw	3.0	3.0	6.0	0	0	0.0	4.0	0
                                        	swswswswsws	3.0	3.0	8.0	0	0	0.0	2.0	0
                                        	swwswswswss	0	0	4.0	0	10.0	1.0	0	2.0
                                        	wswswswswss	3.0	3.0	6.0	0	10.0	0.0	2.0	1.0
the rest i pass one sentence i unsay    	wswswswsws	0	0	2.0	0	0	0.0	0	0
had de valera eaten parnell's heart     	swswwswwss	0	0	0	0	0	1.0	0	3.0
                                        	wwswwswwss	0	0	0	0	0	0.0	0	4.0
                                        	swswwswwsw	0	0	0	0	0	2.0	2.0	2.0
                                        	swswwswsws	3.0	3.0	2.0	0	0	1.0	2.0	1.0
                                        	swswswswsw	3.0	3.0	4.0	0	0	0.0	4.0	0
                                        	swswwswssw	3.0	0	2.0	0	10.0	1.0	2.0	2.0
                                        	swswswswss	3.0	3.0	4.0	0	10.0	0.0	2.0	1.0
no loose lipped demagogue had won the day	swwswswsws	0	0	0	0	0	1.0	2.0	1.0
                                        	wswswswsws	0	0	0	0	0	0.0	4.0	0
no civil rancour torn the land apart    	wswswswsws	0	0	0	0	0	0.0	2.0	0
                                        	sswswswsws	0	0	0	0	10.0	0.0	0	1.0
had cosgrave eaten parnell's heart the land's	wswswwssws	0	0	0	0	0	1.0	0	2.0
                                        	wswswwswsw	0	0	2.0	0	0	1.0	4.0	1.0
                                        	wswswswsws	3.0	3.0	2.0	0	0	0.0	2.0	0
imagination had been satisfied          	wswswswsws	0	0	0	0	0	0.0	0	0
or lacking that government in such hands	wswwswwsws	0	0	0	0	0	2.0	0	2.0
                                        	wswwswwsww	0	0	0	1.0	0	1.0	2.0	3.0
                                        	wswwswswsw	0	0	4.0	0	0	1.0	2.0	1.0
                                        	wswswswsws	3.0	3.0	2.0	0	0	0.0	2.0	0
                                        	wswsswwsws	0	0	0	0	10.0	1.0	0	2.0
                                        	wswsswswsw	0	0	4.0	0	10.0	0.0	2.0	1.0
                                        	wswsswswss	0	0	4.0	0	20.0	0.0	0	2.0
o'higgins its sole statesman had not died	wswwsswsws	0	0	0	0	0	1.0	0	2.0
                                        	wswswswsws	0	0	2.0	0	0	0.0	2.0	0
had even o'duffy but i name no more     	wswwswswsws	0	0	2.0	0	0	1.0	2.0	1.0
                                        	swswswswsws	3.0	3.0	4.0	0	0	0.0	4.0	0
                                        	wswwswswssw	0	0	2.0	0	10.0	1.0	0	2.0
                                        	sswwswwswws	0	0	2.0	0	10.0	0.0	2.0	4.0
                                        	swswswswssw	3.0	3.0	4.0	0	10.0	0.0	2.0	1.0
their school a crowd his master solitude	wswswswsws	0	0	0	0	0	0.0	0	0
through jonathan swift's dark grove he passed and there	wswwswswsws	0	0	2.0	0	0	1.0	2.0	1.0
                                        	wswwswswsww	0	0	0	1.0	0	2.0	2.0	2.0
                                        	wswswswswsw	0	0	6.0	0	0	0.0	6.0	0
                                        	swswswswsws	3.0	3.0	6.0	0	0	0.0	4.0	0
                                        	swswswswsww	3.0	3.0	4.0	1.0	0	1.0	4.0	1.0
plucked bitter wisdom that enriched his blood	wswswswsws	0	0	0	0	0	0.0	2.0	0
                                        	sswswswsws	0	0	0	0	10.0	0.0	0	1.0
the gyres the gyres old rocky face look forth	wswwswwswsws	0	0	0	0	0	2.0	4.0	2.0
                                        	wswwswwswwss	0	0	0	0	0	1.0	4.0	4.0
                                        	wswwswsswsws	0	0	0	0	10.0	1.0	2.0	2.0
                                        	wswswswswsws	3.0	3.0	4.0	0	0	0.0	6.0	0
                                        	wswwswswswsw	3.0	3.0	2.0	0	0	1.0	6.0	1.0
                                        	swswswsswsws	3.0	3.0	4.0	0	10.0	0.0	4.0	1.0
things thought too long can be no longer thought	swwswswsws	0	0	0	0	0	1.0	4.0	1.0
                                        	wswswswsws	0	0	0	0	0	0.0	6.0	0
                                        	swwswwssws	0	0	0	0	0	1.0	2.0	3.0
                                        	swwswwssww	0	0	0	1.0	0	0.0	4.0	4.0
                                        	swwswwswws	0	3.0	0	0	0	0.0	4.0	3.0
for beauty dies of beauty worth of worth	wswswswsws	0	0	0	0	0	0.0	0	0
and ancient lineaments are blotted out  	wswswswwsws	0	0	4.0	0	0	1.0	0	1.0
                                        	wswswwswsws	0	0	4.0	0	0	1.0	0	1.0
                                        	wswswswwsww	0	0	2.0	1.0	0	2.0	0	2.0
                                        	wswswwswsww	0	0	2.0	1.0	0	2.0	0	2.0
                                        	wswswswswsw	3.0	3.0	6.0	0	0	0.0	2.0	0
irrational streams of blood are staining earth	swswwswswsws	0	0	2.0	0	0	1.0	0	1.0
                                        	wwswwswswsws	0	0	0	0	0	2.0	0	2.0
                                        	wwswwswwswws	0	3.0	2.0	0	0	0.0	4.0	4.0
                                        	wswswswswsws	6.0	3.0	4.0	0	0	0.0	2.0	0
                                        	wwswwswswwss	3.0	3.0	2.0	0	0	1.0	2.0	4.0
                                        	wwswwswsswws	0	3.0	2.0	0	10.0	1.0	2.0	4.0
                                        	swswswswswsw	3.0	3.0	10.0	0	0	0.0	8.0	0
                                        	wwswswswswsw	3.0	3.0	8.0	0	0	1.0	8.0	1.0
                                        	swswswswswss	3.0	3.0	10.0	0	10.0	0.0	6.0	1.0
                                        	wwswswswswss	3.0	3.0	8.0	0	10.0	1.0	6.0	2.0
empedocles has thrown all things about  	wswswswsws	0	0	2.0	0	0	0.0	0	0
                                        	wswwsswsws	0	0	0	0	0	1.0	0	2.0
hector is dead and there's a light in troy	swwswswsws	0	0	2.0	0	0	1.0	0	1.0
                                        	swwswwswws	0	0	2.0	0	0	0.0	2.0	3.0
                                        	swwswwswws	0	0	2.0	0	0	0.0	2.0	3.0
                                        	swswswswsw	0	0	6.0	0	0	0.0	6.0	0
                                        	wswswswsws	3.0	3.0	4.0	0	0	0.0	2.0	0
                                        	swswswswss	0	0	6.0	0	10.0	0.0	4.0	1.0
we that look on but laugh in tragic joy 	wswswswsws	0	0	2.0	0	0	0.0	2.0	0
                                        	swswwswsws	0	0	2.0	0	0	1.0	0	1.0
                                        	wwswwswsws	0	0	0	0	0	2.0	0	2.0
                                        	wwswwswsww	0	0	0	1.0	0	1.0	2.0	3.0
                                        	wwswwsswws	0	3.0	0	0	0	0.0	2.0	4.0
                                        	wsswwswsws	0	0	0	0	10.0	1.0	0	2.0
what matter though numb nightmare ride on top	wswwsswsws	0	3.0	0	0	0	1.0	2.0	2.0
                                        	wswswswsws	0	3.0	2.0	0	0	0.0	4.0	0
                                        	wswswsswws	0	0	2.0	0	10.0	1.0	4.0	2.0
                                        	wswswsswsw	0	0	4.0	0	10.0	0.0	6.0	1.0
                                        	sswwswwsww	0	3.0	0	1.0	10.0	0.0	4.0	4.0
                                        	sswwsswwss	0	3.0	2.0	0	10.0	0.0	2.0	5.0
                                        	wswswsswss	0	0	4.0	0	20.0	0.0	4.0	2.0
and blood and mire the sensitive body stain	wswswswwsws	0	0	0	0	0	1.0	0	1.0
                                        	wswswswswsws	3.0	3.0	4.0	0	0	0.0	2.0	0
what matter heave no sigh let no tear drop	wswswswsws	0	0	0	0	0	0.0	6.0	0
                                        	wswswswwss	0	0	0	0	0	1.0	4.0	2.0
                                        	wswswwssws	0	0	0	0	0	1.0	4.0	2.0
a greater a more gracious time has gone 	wswswswsws	0	0	2.0	0	0	0.0	0	0
                                        	wswwsswsws	0	0	0	0	0	1.0	0	2.0
for painted forms or boxes of make up   	wswswswwsw	0	0	0	0	0	1.0	0	1.0
                                        	wswswswsws	0	0	4.0	0	0	0.0	2.0	0
                                        	wswswswssw	0	0	2.0	0	10.0	0.0	0	1.0
in ancient tombs i sighed but not again 	wswswswsws	0	0	0	0	0	0.0	0	0
what matter out of cavern comes a voice 	wswswswsws	0	0	2.0	0	0	0.0	0	0
and all it knows is that one word rejoice	wswswswsws	0	0	0	0	0	0.0	0	0
conduct and work grow coarse and coarse the soul	swwswswsws	0	0	0	0	0	1.0	2.0	1.0
                                        	swwswwswws	0	0	2.0	0	0	0.0	4.0	3.0
                                        	wswswswsws	3.0	3.0	2.0	0	0	0.0	4.0	0
                                        	swswswswsw	0	0	6.0	0	0	0.0	8.0	0
                                        	swswswswss	0	0	6.0	0	10.0	0.0	6.0	1.0
what matter those that rocky face holds dear	wswswswswsw	0	0	2.0	0	0	0.0	2.0	0
                                        	wswwsswswsw	0	0	0	0	0	1.0	2.0	2.0
                                        	sswwsswwsww	0	3.0	0	1.0	10.0	0.0	4.0	5.0
lovers of horses and of women shall     	swwswswsws	0	0	2.0	0	0	1.0	0	1.0
                                        	swwswwswws	0	3.0	2.0	0	0	0.0	2.0	3.0
                                        	wswswswsws	3.0	3.0	4.0	0	0	0.0	2.0	0
from marble of a broken sepulchre       	wswswswsws	0	0	4.0	0	0	0.0	0	0
                                        	wswswswsww	0	0	2.0	1.0	0	1.0	0	1.0
or dark betwixt the polecat and the owl 	wswswswsws	0	3.0	2.0	0	0	0.0	2.0	0
                                        	wswswwswws	0	3.0	0	0	0	2.0	2.0	2.0
                                        	wswswsswws	0	0	0	0	10.0	1.0	0	2.0
                                        	wswswsswsw	0	0	2.0	0	10.0	0.0	2.0	1.0
                                        	wswswsswss	0	0	2.0	0	20.0	0.0	0	2.0
or any rich dark nothing disinter       	wswswswsws	0	0	0	0	0	0.0	2.0	0
the workman noble and saint and all things run	wswswwswsws	0	0	0	0	0	1.0	2.0	1.0
                                        	wswswwswwss	0	0	0	0	0	2.0	0	3.0
                                        	wswswswswsw	0	0	4.0	0	0	0.0	4.0	0
                                        	wswswswswss	0	0	4.0	0	10.0	0.0	2.0	1.0
on that unfashionable gyre again        	wswswswswws	0	0	2.0	0	0	1.0	0	1.0
                                        	wswswswswsw	3.0	3.0	4.0	0	0	0.0	2.0	0
                                        	wswswswswss	3.0	0	4.0	0	10.0	0.0	0	1.0
                                        	wswswswssws	3.0	0	4.0	0	10.0	0.0	0	1.0
i have heard that hysterical women say  	wswswswwsws	0	0	0	0	0	1.0	2.0	1.0
                                        	wwswwswwsws	0	0	0	0	0	1.0	0	3.0
                                        	swswwswwsws	0	0	2.0	0	0	2.0	0	2.0
                                        	wwswwswwsww	0	0	0	1.0	0	0.0	2.0	4.0
                                        	swsswswwsws	0	0	2.0	0	10.0	1.0	0	2.0
                                        	wswswswswsw	3.0	3.0	4.0	0	0	0.0	6.0	0
                                        	swswswswsws	6.0	3.0	6.0	0	0	0.0	2.0	0
                                        	wswswswswss	3.0	3.0	4.0	0	10.0	0.0	4.0	1.0
                                        	swsswswswss	3.0	3.0	6.0	0	20.0	0.0	2.0	2.0
they are sick of the palette and fiddle bow	wwswwswwsws	0	0	0	0	0	1.0	0	3.0
                                        	swswwswwsws	0	0	2.0	0	0	2.0	0	2.0
                                        	wwswwswwsww	0	0	0	1.0	0	0.0	2.0	4.0
                                        	wswswswwsws	0	0	4.0	0	0	1.0	2.0	1.0
                                        	swswwswwsww	0	0	2.0	1.0	0	1.0	2.0	3.0
                                        	swswswswsws	3.0	3.0	6.0	0	0	0.0	2.0	0
                                        	wwswwswswsw	3.0	3.0	4.0	0	0	2.0	4.0	2.0
of poets that are always gay            	wswswsws	0	0	0	0	0	0.0	0	0
for everybody knows or else should know 	wswswswsws	0	0	0	0	0	0.0	0	0
that if nothing drastic is done         	swswswws	0	0	0	0	0	1.0	0	1.0
                                        	swswswsw	0	0	2.0	0	0	0.0	0	0
aeroplane and zeppelin will come out    	swswswswsw	0	0	0	0	0	0.0	0	0
pitch like king billy bomb balls in     	swwswsws	0	0	0	0	0	1.0	4.0	1.0
                                        	wswswsws	0	0	0	0	0	0.0	6.0	0
                                        	swwswsws	0	0	0	0	0	1.0	4.0	1.0
                                        	swwswwss	0	0	0	0	0	0.0	4.0	3.0
                                        	swwswwss	0	0	0	0	0	0.0	4.0	3.0
                                        	swswswsw	3.0	3.0	2.0	0	0	0.0	4.0	0
                                        	swsswsws	0	0	0	0	10.0	0.0	2.0	1.0
                                        	swsswssw	0	0	0	0	20.0	0.0	0	2.0
until the town lie beaten flat          	wswswsws	0	0	0	0	0	0.0	2.0	0
all perform their tragic play           	swswsws	0	0	0	0	0	0.0	0	0
there struts hamlet there is lear       	swswswsw	0	0	4.0	0	0	0.0	2.0	0
                                        	wwswswsw	0	0	2.0	0	0	1.0	2.0	1.0
                                        	wsswswsw	0	0	2.0	0	10.0	0.0	0	1.0
                                        	wwswwsww	0	3.0	2.0	1.0	0	0.0	4.0	3.0
that's ophelia that cordelia            	wwswwswsww	0	0	0	1.0	0	1.0	0	3.0
                                        	swswwswsws	0	0	4.0	0	0	1.0	0	1.0
                                        	wwswwswsws	0	0	2.0	0	0	2.0	0	2.0
                                        	swswwswsww	0	0	2.0	1.0	0	2.0	0	2.0
                                        	wwswwswwsw	3.0	3.0	2.0	0	0	1.0	2.0	3.0
                                        	wwswwswwss	3.0	3.0	2.0	0	0	0.0	2.0	4.0
                                        	wswswswsws	6.0	3.0	6.0	0	0	0.0	2.0	0
                                        	wswswswsww	6.0	3.0	4.0	1.0	0	1.0	2.0	1.0
yet they should the last scene be there 	swswswsw	0	0	0	0	0	0.0	2.0	0
                                        	wswwssws	0	0	4.0	0	0	1.0	0	2.0
                                        	wswwssww	0	0	2.0	1.0	0	1.0	0	3.0
                                        	swswssws	0	0	2.0	0	10.0	0.0	0	1.0
                                        	swswssww	0	0	0	1.0	10.0	1.0	0	2.0
the great stage curtain about to drop   	wswswwsws	0	0	0	0	0	1.0	2.0	1.0
                                        	swswswsws	3.0	3.0	4.0	0	0	0.0	4.0	0
if worthy their prominent part in the play	wswwswwswws	0	0	0	0	0	1.0	0	3.0
                                        	wswwswswsws	0	0	2.0	0	0	1.0	2.0	1.0
                                        	swswswswsws	3.0	3.0	6.0	0	0	0.0	4.0	0
                                        	wswswswswsw	3.0	3.0	6.0	0	0	0.0	4.0	0
                                        	wswswswswss	3.0	3.0	6.0	0	10.0	0.0	2.0	1.0
do not break up their lines to weep     	swswwsws	0	0	0	0	0	1.0	0	1.0
                                        	wswswsws	0	0	2.0	0	0	0.0	2.0	0
                                        	wwswwsww	0	0	0	1.0	0	0.0	2.0	3.0
they know that hamlet and lear are gay  	wswswwswws	0	0	0	0	0	2.0	0	2.0
                                        	wswswwswsw	0	0	2.0	0	0	1.0	2.0	1.0
                                        	wswswwssws	3.0	0	2.0	0	0	1.0	0	2.0
                                        	wswswswsws	3.0	3.0	4.0	0	0	0.0	2.0	0
                                        	wswswwswss	0	0	2.0	0	10.0	1.0	0	2.0
gaiety transfiguring all that dread     	swswswwsws	0	0	2.0	0	0	1.0	0	1.0
                                        	swswswswsw	0	0	4.0	0	0	0.0	2.0	0
                                        	swswswswss	0	0	4.0	0	10.0	0.0	0	1.0
all men have aimed at found and lost    	wswswsws	0	0	0	0	0	0.0	0	0
black out heaven blazing into the head  	swswswwsws	0	0	0	0	0	1.0	0	1.0
                                        	swswswswws	0	0	0	0	0	1.0	0	1.0
                                        	swswswswsw	0	0	2.0	0	0	0.0	2.0	0
                                        	swswswswss	0	0	2.0	0	10.0	0.0	0	1.0
tragedy wrought to its uttermost        	swwswwsws	0	0	0	0	0	1.0	0	2.0
                                        	swswswsws	0	0	4.0	0	0	0.0	2.0	0
                                        	swwswwsww	0	3.0	0	1.0	0	0.0	2.0	3.0
                                        	wswswwsws	3.0	3.0	2.0	0	0	1.0	2.0	1.0
though hamlet rambles and lear rages    	wswswwswsw	0	0	0	0	0	1.0	0	1.0
                                        	swswswswsw	6.0	6.0	6.0	0	0	0.0	4.0	0
                                        	wswswswsws	6.0	6.0	6.0	0	0	0.0	4.0	0
                                        	wswswswssw	3.0	3.0	4.0	0	10.0	0.0	2.0	1.0
and all the drop scenes drop at once    	wswswsws	0	0	0	0	0	0.0	2.0	0
upon a hundred thousand stages          	wswswswsw	0	0	0	0	0	0.0	0	0
it cannot grow by an inch or an ounce   	wswswwswws	0	0	0	0	0	2.0	0	2.0
                                        	wwsswwswws	0	0	0	0	0	0.0	0	4.0
                                        	wswswwssws	0	0	2.0	0	0	1.0	0	2.0
                                        	wswswswsws	0	0	4.0	0	0	0.0	2.0	0
                                        	wswswwswsw	0	0	2.0	0	0	1.0	2.0	1.0
on their own feet they came or on shipboard	wwsswswwss	0	0	0	0	0	1.0	0	4.0
                                        	wswswswwss	0	0	2.0	0	0	1.0	0	2.0
                                        	wswswswsws	0	3.0	4.0	0	0	0.0	2.0	0
                                        	wswswswwsw	0	3.0	2.0	0	0	1.0	2.0	1.0
                                        	wwsswswwsw	0	3.0	0	0	0	2.0	2.0	3.0
                                        	wwsswwswws	0	3.0	2.0	0	0	0.0	4.0	4.0
                                        	swswswswss	0	0	6.0	0	10.0	0.0	4.0	1.0
camel back horse back ass back mule back	swswswsws	0	0	0	0	0	0.0	6.0	0
                                        	swswswwss	0	0	0	0	0	1.0	4.0	2.0
                                        	swswwswws	0	0	0	0	0	1.0	4.0	2.0
                                        	swswwssws	0	0	0	0	0	1.0	4.0	2.0
old civilisations put to the sword      	wswwswswws	0	0	0	0	0	2.0	2.0	2.0
                                        	wswwswswsw	0	0	2.0	0	0	1.0	4.0	1.0
                                        	swswswswws	3.0	3.0	2.0	0	0	1.0	2.0	1.0
                                        	swswswswsw	3.0	3.0	4.0	0	0	0.0	4.0	0
                                        	sswwswswws	0	0	0	0	10.0	1.0	0	3.0
                                        	sswwswswsw	0	0	2.0	0	10.0	1.0	2.0	2.0
                                        	wswwswswss	0	0	2.0	0	10.0	1.0	2.0	2.0
                                        	wswwswssws	0	0	2.0	0	10.0	1.0	2.0	2.0
                                        	sswwswwsww	0	0	2.0	1.0	10.0	0.0	4.0	4.0
                                        	swswswswss	3.0	3.0	4.0	0	10.0	0.0	2.0	1.0
                                        	swswswssws	3.0	3.0	4.0	0	10.0	0.0	2.0	1.0
then they and their wisdom went to rack 	swswswsws	0	0	2.0	0	0	0.0	0	0
no handiwork of callimachus             	wswswswsw	0	0	0	0	0	0.0	2.0	0
                                        	sswswswsw	0	0	0	0	10.0	0.0	0	1.0
who handled marble as if it were bronze 	wswswswsws	0	0	4.0	0	0	0.0	0	0
                                        	wswswwssws	0	0	2.0	0	0	1.0	0	2.0
made draperies that seemed to rise      	wswswsws	0	0	2.0	0	0	0.0	2.0	0
                                        	wswwssws	0	0	0	0	0	1.0	2.0	2.0
                                        	sswswsws	0	0	2.0	0	10.0	0.0	0	1.0
                                        	sswwssws	0	0	0	0	10.0	1.0	0	3.0
                                        	sswwswws	0	0	0	0	10.0	0.0	2.0	3.0
when sea wind swept the corner stands   	wswswsws	0	0	0	0	0	0.0	2.0	0
his long lamp chimney shaped like the stem	wswswswws	0	0	0	0	0	1.0	2.0	1.0
                                        	wswswswsw	0	0	2.0	0	0	0.0	4.0	0
                                        	wswswssws	0	0	0	0	10.0	0.0	2.0	1.0
of a slender palm stood but a day       	wwswwswws	0	0	0	0	0	0.0	2.0	3.0
                                        	swswswsws	0	0	4.0	0	0	0.0	2.0	0
                                        	wwswswsws	0	0	2.0	0	0	1.0	2.0	1.0
                                        	swswwswws	0	0	2.0	0	0	1.0	2.0	2.0
                                        	wwswsswws	0	0	0	0	10.0	1.0	0	3.0
                                        	swswsswws	0	0	2.0	0	10.0	1.0	0	2.0
                                        	swswsswss	0	0	4.0	0	20.0	0.0	0	2.0
all things fall and are built again     	swswwsws	0	0	0	0	0	1.0	2.0	1.0
                                        	wswswsws	0	0	2.0	0	0	0.0	2.0	0
                                        	wwswwsww	0	3.0	0	1.0	0	0.0	4.0	3.0
                                        	wsswwsws	0	0	0	0	10.0	1.0	0	2.0
and those that build them again are gay 	wwsswwsws	0	0	0	0	0	1.0	0	3.0
                                        	wswswwsws	0	0	2.0	0	0	1.0	0	1.0
                                        	swswswsws	0	0	4.0	0	0	0.0	2.0	0
                                        	wwsswwsww	0	0	0	1.0	0	0.0	2.0	4.0
two chinamen behind them a third        	wswswswws	0	0	0	0	0	1.0	2.0	1.0
                                        	wswswswsw	0	0	2.0	0	0	0.0	4.0	0
                                        	sswswswws	0	0	0	0	10.0	1.0	0	2.0
                                        	sswswswsw	0	0	2.0	0	10.0	0.0	2.0	1.0
                                        	wswswswss	0	0	2.0	0	10.0	0.0	2.0	1.0
                                        	wswswssws	0	0	2.0	0	10.0	0.0	2.0	1.0
                                        	sswswswss	0	0	2.0	0	20.0	0.0	0	2.0
                                        	sswswssws	0	0	2.0	0	20.0	0.0	0	2.0
are carved in lapis lazuli              	wswswsws	0	0	0	0	0	0.0	0	0
over them flies a long legged bird      	swwswsws	0	0	0	0	0	1.0	2.0	1.0
                                        	swwswwss	0	0	0	0	0	0.0	2.0	3.0
                                        	swswswsws	0	0	4.0	0	0	0.0	4.0	0
                                        	wswswsws	3.0	3.0	2.0	0	0	0.0	4.0	0
                                        	swwswssws	0	0	0	0	10.0	1.0	0	2.0
                                        	wswswssws	3.0	3.0	2.0	0	10.0	0.0	2.0	1.0
a symbol of longevity                   	wswswsws	0	0	4.0	0	0	0.0	0	0
                                        	wswswsww	0	0	2.0	1.0	0	1.0	0	1.0
the third doubtless a serving man       	wwswwsws	0	0	0	0	0	1.0	2.0	2.0
                                        	swswwsws	0	0	2.0	0	0	1.0	2.0	1.0
                                        	wwswwsww	0	0	0	1.0	0	0.0	4.0	3.0
                                        	wswswsws	3.0	3.0	2.0	0	0	0.0	2.0	0
                                        	wsswwsws	0	0	0	0	10.0	1.0	0	2.0
carries a musical instrument            	swwswwsww	0	0	0	1.0	0	0.0	0	3.0
                                        	swwswwsws	0	0	2.0	0	0	1.0	0	2.0
                                        	swswswsws	3.0	3.0	6.0	0	0	0.0	2.0	0
                                        	swwswswsw	3.0	3.0	4.0	0	0	1.0	2.0	1.0
                                        	wswswwsws	3.0	3.0	4.0	0	0	1.0	2.0	1.0
                                        	wswswwsww	3.0	3.0	2.0	1.0	0	2.0	2.0	2.0
every discoloration of the stone        	swwswswsws	0	0	2.0	0	0	1.0	0	1.0
                                        	wswswswsws	3.0	3.0	4.0	0	0	0.0	2.0	0
                                        	swwswwswws	3.0	3.0	2.0	0	0	0.0	2.0	3.0
every accidental crack or dent          	swswswsws	0	0	0	0	0	0.0	0	0
seems a water course or an avalanche    	swswswwsws	0	0	0	0	0	1.0	0	1.0
                                        	swswswswsw	3.0	6.0	4.0	0	0	0.0	4.0	0
                                        	wswswswsws	3.0	3.0	6.0	0	0	0.0	6.0	0
                                        	swswswswss	3.0	3.0	4.0	0	10.0	0.0	2.0	1.0
or lofty slope where it still snows     	wswswwss	0	0	0	0	0	1.0	0	2.0
                                        	wswswsws	0	0	2.0	0	0	0.0	2.0	0
                                        	wswswwsw	0	0	0	0	0	1.0	2.0	1.0
                                        	wswsswsw	0	0	0	0	10.0	0.0	2.0	1.0
                                        	wswsswss	0	0	0	0	20.0	0.0	0	2.0
though doubtless plum or cherry branch  	wswswsws	0	0	0	0	0	0.0	0	0
sweetens the little half way house      	swwswsws	0	0	0	0	0	1.0	2.0	1.0
                                        	swwswwss	0	0	0	0	0	0.0	2.0	3.0
                                        	wswswsws	3.0	3.0	2.0	0	0	0.0	4.0	0
those chinamen climb towards and i      	wswswsws	0	0	2.0	0	0	0.0	2.0	0
                                        	wswswsww	0	0	0	1.0	0	1.0	2.0	1.0
                                        	wswsswsws	0	0	2.0	0	10.0	0.0	0	1.0
                                        	wswsswsww	0	0	0	1.0	10.0	1.0	0	2.0
delight to imagine them seated there    	wswwswwsww	0	0	0	1.0	0	1.0	0	3.0
                                        	wswwswwsws	0	0	2.0	0	0	2.0	0	2.0
                                        	wswwswswsw	3.0	3.0	4.0	0	0	1.0	2.0	1.0
                                        	swswswwsws	3.0	3.0	6.0	0	0	1.0	2.0	1.0
                                        	swswswwsww	3.0	3.0	4.0	1.0	0	2.0	2.0	2.0
                                        	wswswswsws	6.0	3.0	6.0	0	0	0.0	2.0	0
there on the mountain and the sky       	wswswsws	0	0	4.0	0	0	0.0	0	0
on all the tragic scene they stare      	wswswsws	0	0	0	0	0	0.0	0	0
one asks for mournful melodies          	wswswsws	0	0	2.0	0	0	0.0	0	0
                                        	wswswsww	0	0	0	1.0	0	1.0	0	1.0
accomplished fingers begin to play      	swswwsws	0	0	0	0	0	1.0	0	1.0
                                        	swswswsw	3.0	3.0	4.0	0	0	0.0	4.0	0
                                        	swswswss	3.0	3.0	4.0	0	10.0	0.0	2.0	1.0
their eyes mid many wrinkles their eyes 	wswswswws	0	0	0	0	0	1.0	2.0	1.0
                                        	wswswswsw	0	0	2.0	0	0	0.0	4.0	0
                                        	wswswswss	0	0	2.0	0	10.0	0.0	2.0	1.0
their ancient glittering eyes are gay   	wswswwsws	0	0	0	0	0	1.0	0	1.0
                                        	wswswswsw	0	0	4.0	0	0	0.0	4.0	0
                                        	wswswswss	0	0	4.0	0	10.0	0.0	2.0	1.0
