line	strength.s=>-u	strength.w=>-p	stress.s=>-u	posthoc-no-final-ww	footmin-no-s-unless-preceded-by-ww	posthoc-standardize-weakpos	stress.w=>-p	footmin-none
line000062_I|am|THINK|ing|OF|a|CHILD'S|vow|SWORN|in|VAIN	0	0	4.0	0	0	0.0	2.0	0
line000030_though|SEV|eral|ARE|a|SIN|gle|LIGHT	0	0	2.0	0	0	0.0	0	0
line000182_it|FEARED|to|GIVE|its|LOVE|a|HURT|with|ALL|the|TEM|pest|THERE	0	0	2.0	0	0	0.0	0	0
line000035_if|THAT|be|SO	0	0	2.0	0	0	0.0	0	0
line000069_or.po|LITE.MEAN|ing.less|WORDS	0	0	0	0	0	0.0	0	3.0
line000184_i|CAN|ex|CHANGE|op|IN|ion.with|AN|y|NEIGH|bour.ing|MIND	0	0	2.0	0	0	2.0	0	2.0
line000092_so|SEN|si|TIVE|his|NA|ture|SEEMED	0	0	2.0	0	0	0.0	0	0
line000259_or|RO|cky|CIS|tern|WHERE|we|TREAD|the|CLOTHES	0	0	0	0	0	0.0	0	0
line000292_BRED|out|OF|the.con|TA|gion|OF|the|THRONG	0	0	4.0	0	0	1.0	0	1.0
line000016_all|THAT|the|BRIG|and|AP|ple|BROUGHT	0	0	0	0	0	0.0	0	0
line000128_what|IS|it.but|NIGHT.FALL	0	0	2.0	0	0	1.0	0	2.0
line000325_CON|duct.and|WORK|grow|COARSE|and|COARSE|the|SOUL	0	0	0	0	0	1.0	2.0	1.0
line000158_and|THERE|fore|I|have|SAILED|the|SEAS|and|COME	0	0	2.0	0	0	0.0	0	0
line000281_an|AGE|is|THE|re|VER|sal|OF|an|AGE	0	0	4.0	0	0	0.0	0	0
line000357_on.their|OWN.FEET|they|CAME|or.on|SHIP.BOARD	0	0	0	0	0	1.0	0	4.0
line000249_they.are|SPREAD.WIDE|that|EACH	0	0	0	0	0	1.0	0	2.0
line000003_on|GRA|ssy|MAT|tress|I|had|LAID|me	0	0	2.0	0	0	0.0	0	0
line000011_CREW|from.a|BLOS|som.ing|AP|ple|BOUGH	0	0	0	0	0	1.0	0	2.0
line000143_a|TER|ri.ble|BEAU|ty.is|BORN	0	0	0	0	0	1.0	0	2.0
line000284_what|MAT|ter|FOR|the|SCENE|the|SCENE|once|GONE	0	0	2.0	0	0	0.0	2.0	0
line000118_MI|nute.by|MI|nute.they|LIVE	0	0	0	0	0	0.0	0	2.0
line000277_a|PI|erced.boy|IM|age|OF|a|STAR|laid|LOW	0	0	2.0	0	0	1.0	4.0	1.0
line000096_he|HAD|done.most|BIT|ter|WRONG	0	0	0	0	0	1.0	0	1.0
line000055_and|OF|a|RED|haired|YEATS|whose|LOOKS|al|THOUGH|he|DIED	0	0	2.0	0	0	0.0	2.0	0
line000021_to|FIND|out|SOME|ap|PRO|pri.ate|PAIN	0	0	0	0	0	1.0	0	1.0
line000251_the|THREE|fold|TER|ror.of|LOVE|a|FALL|en|FLARE	0	3.0	0	0	0	1.0	2.0	1.0
line000160_o|SAG|es|STAND|ing|IN|god's|HOL|y|FIRE	0	0	0	0	0	0.0	2.0	0
line000202_great|WIN|dows|OP|en|TO|the|SOUTH	0	0	2.0	0	0	0.0	2.0	0
line000232_BID|me|STRIKE|a|MATCH|and|BLOW	0	0	0	0	0	0.0	0	0
line000269_BRIGHT|ness.re|MAINS|a|BRI|ghter|STAR|shoots|DOWN	0	0	2.0	0	0	1.0	2.0	1.0
line000179_it|COULD|not|BEAR|that|BUR|den.and|THERE|fore.it|WENT.MAD	0	0	0	0	0	2.0	0	3.0
line000103_a|TER|ri.ble|BEAU|ty.is|BORN	0	0	0	0	0	1.0	0	2.0
line000026_MA|ybe.the|BRIDE|bed|BRINGS|de|SPAIR	0	0	0	0	0	1.0	2.0	1.0
line000253_wings|BEAT|ing.ab|OUT|the|ROOM	0	0	0	0	0	1.0	2.0	1.0
line000028_and|FINDS|a.real|IM|age|THERE	0	0	2.0	0	0	1.0	2.0	1.0
line000006_NOT|his|NOT|mine	0	0	0	0	0	0.0	0	0
line000225_HAVE|no|EN|e|MY|but|TIME	0	0	2.0	0	0	0.0	2.0	0
line000306_their|SCHOOL|a|CROWD|his|MAS|ter|SO|li|TUDE	0	0	0	0	0	0.0	0	0
line000057_you|HEARD|that|LA|bo.uring|MAN.WHO|had|SERVED|my	0	0	0	0	0	1.0	0	2.0
line000285_it|HAD|not|TOUCHED|our|LIVES|but|POP|u.lar|RAGE	0	0	0	0	0	1.0	0	1.0
line000260_and|GATH|er|ALL|the|TALK	0	0	0	0	0	0.0	0	0
line000150_caught|IN|that|SEN|su.al|MU|sic|ALL|ne|GLECT	0	0	0	0	0	1.0	2.0	1.0
line000071_po.lite|MEAN|ing.less|WORDS	0	3.0	0	0	0	0.0	2.0	2.0
line000189_the|HEART|be|HIND|its|RIB|laughed|OUT|you.have|CALLED|me|MAD|it|SAID	0	0	2.0	0	0	1.0	2.0	1.0
line000219_two|GIRLS|in|SILK|ki|MO|nos|BOTH	0	0	0	0	0	0.0	2.0	0
line000119_the|STONE'S|in.the|MIDST|of|ALL	0	0	0	0	0	1.0	0	1.0
line000095_a|DRUNK|en.vain|GLO|ri.ous|LOUT	0	0	0	0	0	1.0	0	2.0
line000231_THEY|con|VICT|ed|US|of|GUILT	0	0	4.0	0	0	0.0	0	0
line000223_WITH|a|COM|mon|WRONG|or|RIGHT	0	0	2.0	0	0	0.0	0	0
line000022_AYE|though.all|PAS|sion's|IN|the|GLANCE	0	0	0	0	0	1.0	0	1.0
line000114_a|HORSE|hoof|SLIDES|on.the|BRIM	0	0	0	0	0	1.0	2.0	1.0
line000123_THAT|is|HEAV|en's|PART|our|PART	0	0	0	0	0	0.0	0	0
line000217_PIC|tures|OF|the|MIND|re|CALL	0	0	2.0	0	0	0.0	0	0
line000214_MA|ny.a|TIME|i|THINK|to|SEEK	0	0	0	0	0	1.0	0	1.0
line000353_though|HAM|let|RAM|bles.and|L|ear|RAG|es	0	0	0	0	0	1.0	0	1.0
line000074_to|PLEASE|a.com|PAN|ion	0	0	0	0	0	1.0	0	1.0
line000077_but|LIVED|where|MOT|ley.is|WORN	0	0	0	0	0	1.0	0	1.0
line000148_fish|FLESH|or|FOWL|com|MEND|all|SUM|mer|LONG	0	0	0	0	0	0.0	2.0	0
line000318_and|BLOOD|and|MIRE|the|SEN|si.tive|BO|dy|STAIN	0	0	0	0	0	1.0	0	1.0
line000382_de|LIGHT|to.im|AG|ine.them|SEAT|ed.there	0	0	0	1.0	0	1.0	0	3.0
line000157_MON|u|MENTS|of.its|OWN|mag|NIF|i|CENCE	0	0	4.0	0	0	1.0	0	1.0
line000320_a|GRE|ater|A|more|GRA|cious|TIME|has|GONE	0	0	2.0	0	0	0.0	0	0
line000283_we|LIVED|like|MEN|that|WATCH|a|PAINT|ed|STAGE	0	0	0	0	0	0.0	0	0
line000383_there|ON|the|MOUN|tain|AND|the|SKY	0	0	4.0	0	0	0.0	0	0
line000127_on|LIMBS|that|HAD|run|WILD	0	0	0	0	0	0.0	2.0	0
line000263_this|LOVE|that|MAKES|my|HEART'S|blood|STOP	0	0	0	0	0	0.0	2.0	0
line000137_i|WRITE|it.out|IN|a|VERSE	0	0	0	0	0	1.0	0	1.0
line000140_NOW|and.in|TIME|to|BE	0	0	0	0	0	1.0	0	1.0
line000038_MA|ybe.an|IM|age.is|TOO.STRONG	0	0	0	0	0	0.0	0	3.0
line000041_IN|the|FOR|bid.den|SA|cred|GROVE	0	0	0	0	0	1.0	0	1.0
line000362_who|HAN|dled|MAR|ble|AS|if|IT|were|BRONZE	0	0	4.0	0	0	0.0	0	0
line000066_from|COU|nter.or|DESK|am|ONG|grey	0	0	0	0	0	1.0	2.0	1.0
line000229_RUN|till|ALL|the|SAG|es|KNOW	0	0	0	0	0	0.0	0	0
line000063_NEV|er.to|LEAVE|that|VAL|ley.his|FA|thers|CALLED|their|HOME	0	0	0	0	0	2.0	0	2.0
line000289_come|FIX|up|ON|me|THAT|ac|CUS|ing|EYE	0	0	0	0	0	0.0	2.0	0
line000178_should|FIND|no|BUR|den|BUT|it|SELF|and|YET|should.be|WORN|out	0	0	2.0	0	0	1.0	2.0	1.0
line000322_in|AN|cient|TOMBS|i|SIGHED|but|NOT|ag|AIN	0	0	0	0	0	0.0	0	0
line000234_the|MOON|is|STAG|ger.ing|IN|the|SKY	0	0	0	0	0	1.0	0	1.0
line000185_i|HAVE|as|HEA|lthy|FLESH|and|BLOOD|as|AN|y|RH|ymer's|HAD	0	0	0	0	0	0.0	0	0
line000352_TR|ag.edy|WROUGHT|to.its|UT|ter|MOST	0	0	0	0	0	1.0	0	2.0
line000027_for|EACH|an.im|AG|ined|IM|age|BRINGS	0	0	0	0	0	1.0	0	1.0
line000162_COME|from.the|HOL|y|FIRE|perne|IN|a|GY|re	0	0	0	0	0	1.0	2.0	1.0
line000018_he.that|CROWED|out.et|ER|ni.ty	0	0	0	1.0	0	0.0	0	3.0
line000308_plucked|BIT|ter|WIS|dom|THAT|en|RICHED|his|BLOOD	0	0	0	0	0	0.0	2.0	0
line000262_this|FALL|en|STAR|my|MILK|sus|TAINS	0	0	0	0	0	0.0	0	0
line000125_AS|a|MOTH|er|NAMES|her|CHILD	0	0	2.0	0	0	0.0	0	0
line000327_LOV|ers.of|HORS|es|AND|of|WO|men|SHALL	0	0	2.0	0	0	1.0	0	1.0
line000361_no|HAND|i|WORK|of|CA|ll|IM|achus	0	0	0	0	0	0.0	2.0	0
line000337_THAT|if|NOTH|ing|DRAS|tic.is|DONE	0	0	0	0	0	1.0	0	1.0
line000311_for|BEAU|ty|DIES|of|BEAU|ty|WORTH|of|WORTH	0	0	0	0	0	0.0	0	0
line000174_to|LORDS|and|LAD|ies|OF|by|ZA|nt|IUM	0	0	4.0	0	0	0.0	0	0
line000005_i|SUD|den.ly|CRIED|out|IN|a|STRANGE|tongue	0	0	0	0	0	1.0	2.0	1.0
line000194_and|ALL|those|LIES|have|BUT|one|END|poor|WRETCH|es|TO|be|TRAY	0	0	4.0	0	0	0.0	2.0	0
line000105_through|SUM|mer.and|WIN|ter|SEEM	0	0	0	0	0	1.0	0	1.0
line000078_all|CHANGED|changed|UT|ter|LY	0	0	2.0	0	0	0.0	2.0	0
line000345_the|GREAT|stage|CUR|tain.ab|OUT|to|DROP	0	0	0	0	0	1.0	2.0	1.0
line000075_AROUND|the|FIRE|at.the|CLUB	0	0	0	0	0	1.0	0	1.0
line000258_CHIM|ney|COR|ner|GAR|den|WALK	0	0	0	0	0	0.0	0	0
line000115_and.a|HORSE.PLASH|es.with|IN|it	0	0	0	0	0	1.0	0	3.0
line000093_so|DAR|ing.and|SWEET|his|THOUGHT	0	0	0	0	0	1.0	0	1.0
line000298_HAD|de|VA|le.ra|EAT|en.pa|RNELL'S.HEART	0	0	0	0	0	1.0	0	3.0
line000147_the|SA|lmon|FALLS|the|MACK|er.el|CROWD|ed|SEAS	0	0	0	0	0	1.0	0	1.0
line000010_there|ON|rep|LIED|a|COCK|er|EL	0	0	2.0	0	0	0.0	0	0
line000172_to|KEEP|a|DRO|wsy|EM|per|OR|aw|AKE	0	0	2.0	0	0	0.0	0	0
line000152_an|AG|ed|MAN|is|BUT|a|PAL|try|THING	0	0	2.0	0	0	0.0	0	0
line000305_had|EV|en.o'|DU|ffy|BUT|i|NAME|no|MORE	0	0	2.0	0	0	1.0	2.0	1.0
line000297_the|REST|i|PASS|one|SEN|tence|I|un|SAY	0	0	2.0	0	0	0.0	0	0
line000340_un|TIL|the|TOWN|lie|BEAT|en|FLAT	0	0	0	0	0	0.0	2.0	0
line000275_a|BEAU|ti.ful|SEAT|ed|BOY|a|SA|cred|BOW	0	0	0	0	0	1.0	0	1.0
line000241_FIRST|trod|ON|the|MOUN|tain's|HEAD	0	0	2.0	0	0	0.0	2.0	0
line000282_when|STRAN|gers|MUR|dered|EM|met.fit|ZGE|rald|TONE	0	0	0	0	0	1.0	0	1.0
line000248_BLENCHED|by|THAT|ma|LI|cious|DREAM	0	0	0	0	0	0.0	0	0
line000387_their|EYES|mid|MA|ny|WRIN|kles.their|EYES	0	0	0	0	0	1.0	2.0	1.0
line000108_the|HORSE|that|COMES|from.the|ROAD	0	0	0	0	0	1.0	0	1.0
line000207_the|OLD|er|IS|con|DEMNED|to|DEATH	0	0	2.0	0	0	0.0	0	0
line000291_all|THAT|was|SAID|in|IR|el|AND|is.a|LIE	0	0	2.0	0	0	1.0	0	1.0
line000023_for|EV|ery|NERVE|and|TESTS|a|LO|ver	0	0	0	0	0	0.0	0	0
line000374_CAR|ries.a|MU|si.cal|IN|stru.ment	0	0	0	1.0	0	0.0	0	3.0
line000111_MI|nute.by|MI|nute.they|CHANGE	0	0	0	0	0	0.0	0	2.0
line000323_what|MAT|ter|OUT|of|CAV|ern|COMES|a|VOICE	0	0	2.0	0	0	0.0	0	0
line000094_this|OTH|er|MAN|i|HAD|dreamed	0	0	0	0	0	0.0	2.0	0
line000177_up|ON|the|NOR|man|UP|land.or|IN|that|POP|lar|SHADE	0	0	0	0	0	1.0	0	1.0
line000321_for|PAINT|ed|FORMS|or|BOX|es.of|MAKE|up	0	0	0	0	0	1.0	0	1.0
line000324_and|ALL|it|KNOWS|is|THAT|one|WORD|re|JOICE	0	0	0	0	0	0.0	0	0
line000141_wher|EV|er|GREEN|is|WORN	0	0	0	0	0	0.0	0	0
line000242_WHAT|stir|RAN|through.the|COUN|try|SIDE	0	0	0	0	0	1.0	2.0	1.0
line000039_or|MA|ybe|IS|not|STRONG|en|OUGH	0	0	2.0	0	0	0.0	0	0
line000334_they.are|SICK|of.the|PA|lette.and|FID|dle|BOW	0	0	0	0	0	1.0	0	3.0
line000335_of|PO|ets|THAT|are|AL|ways|GAY	0	0	0	0	0	0.0	0	0
line000104_HEARTS|with.one|PUR|pose.al|ONE	0	0	0	0	0	0.0	0	2.0
line000294_leave|NOTH|ing|BUT|the|NOTH|ings|THAT|be|LONG	0	0	2.0	0	0	0.0	2.0	0
line000254_the|TER|ror|OF|all|TER|rors|THAT|i|BORE	0	0	2.0	0	0	0.0	0	0
line000215_one|OR|the|OTH|er|OUT|and|SPEAK	0	0	4.0	0	0	0.0	0	0
line000130_was.it|NEED|less.death|AF|ter|ALL	0	0	0	0	0	1.0	2.0	2.0
line000211_some|VAGUE|ut|OP|ia||and.she|SEEMS	0	0	2.0	0	0	1.0	0	1.0
line000256_HAD|i.not|FOUND|con|TENT|am|ONG|the|SHOWS	0	0	0	0	0	1.0	0	1.0
line000146_those|DY|ing|GEN|er|A|tions|AT|their|SONG	0	0	0	0	0	0.0	0	0
line000293_SAV|ing.the|RHYME|rats|HEAR|be|FORE|they|DIE	0	0	0	0	0	1.0	2.0	1.0
line000303_or|LACK|ing.that|GOV|ern.ment|IN|such|HANDS	0	0	0	0	0	2.0	0	2.0
line000302_im|AG|in|AT|ion|HAD|been|SAT|is|FIED	0	0	0	0	0	0.0	0	0
line000206_BLOS|som|FROM|the|SUM|mer's|WREATH	0	0	2.0	0	0	0.0	0	0
line000358_CA|mel|BACK|horse|BACK|ass|BACK|mule|BACK	0	0	0	0	0	0.0	6.0	0
line000384_on|ALL|the|TRAG|ic|SCENE|they|STARE	0	0	0	0	0	0.0	0	0
line000051_the|COM|fort|THAT|you|MADE|al|THOUGH|my|WITS|have|GONE	0	0	0	0	0	0.0	0	0
line000007_who|UN|der|STOOD	0	0	0	0	0	0.0	0	0
line000072_and|THOUGHT|be|FORE|i|HAD|done	0	0	0	0	0	0.0	0	0
line000054_and|OF|a|MID|dle|TON|whose|NAME|you|NEV|er|HEARD	0	0	4.0	0	0	0.0	0	0
line000044_but.the|CRUSHED.GRASS|where.we|HAVE.LAIN	0	0	0	0	0	0.0	0	4.0
line000339_PITCH|like.king|BIL|ly|BOMB|balls|IN	0	0	0	0	0	1.0	4.0	1.0
line000213_an|IM|age|OF|such|POL|i|TICS	0	0	2.0	0	0	0.0	0	0
line000233_CRAZED|through|MUCH|child|BEAR|ing	0	0	0	0	0	0.0	2.0	0
line000280_stamped|BOY|and|TREE|up|ON|s|I|c.ilian|COIN	0	0	0	0	0	1.0	2.0	1.0
line000091_he|MIGHT|have|WON|fame|IN|the|END	0	0	0	0	0	0.0	2.0	0
line000110_from|CLOUD|to|TUM|bling|CLOUD	0	0	0	0	0	0.0	0	0
line000312_and|AN|cient|LI|ne|AM|ents.are|BLOT|ted|OUT	0	0	4.0	0	0	1.0	0	1.0
line000388_their|AN|cient|GLIT|ter.ing|EYES|are|GAY	0	0	0	0	0	1.0	0	1.0
line000230_we.the|GREAT.GAZE|bo|BUILT	0	0	0	0	0	1.0	0	2.0
line000240_WHEN|she|IN|all.her|VI|rg.inal|PRIDE	0	0	0	0	0	1.0	0	2.0
line000070_or.have|LIN|gered.aw|HILE|and|SAID	0	0	0	0	0	1.0	0	2.0
line000106_en|CHANT|ed|TO|a|STONE	0	0	2.0	0	0	0.0	0	0
line000019_THOUGHT|to.have|CROWED|it|IN|ag|AIN	0	0	0	0	0	1.0	0	1.0
line000237_we|GROPE|and|GROPE|in|VAIN	0	0	0	0	0	0.0	0	0
line000300_no|CIV|il|RAN|cour|TORN|the|LAND|ap|ART	0	0	0	0	0	0.0	2.0	0
line000355_up|ON|a|HUN|dred|THOU|sand|STA|ges	0	0	0	0	0	0.0	0	0
line000133_we|KNOW|their|DREAM|en|OUGH	0	0	0	0	0	0.0	0	0
line000161_as|IN|the|GOLD|mo|SA|ic|OF|a|WALL	0	0	2.0	0	0	0.0	0	0
line000381_those|CHI|na|MEN|climb|TOWARDS|and|I	0	0	2.0	0	0	0.0	2.0	0
line000151_MON|u|MENTS|of.un|AGE|ing|IN|tel|LECT	0	0	2.0	0	0	1.0	0	1.0
line000272_re|CALL|the|CRE|tan|BARB|that|PI|erced.a|STAR	0	0	0	0	0	1.0	0	1.0
line000129_no|NO|not|NIGHT|but|DEATH	0	0	0	0	0	0.0	2.0	0
line000002_LAST|night.where|UN|der.the|WILD.MOON	0	0	0	0	0	0.0	2.0	3.0
line000346_if|WOR|thy.their|PRO|min.ent|PART|in.the|PLAY	0	0	0	0	0	1.0	0	3.0
line000037_al|THOUGH|he|THOUGHT|it|WORTH|a|CROW	0	0	0	0	0	0.0	0	0
line000216_of|THAT|old|GEOR|gian|MAN|sion|MIX	0	0	0	0	0	0.0	2.0	0
line000344_YET|they|SHOULD|the|LAST|scene|BE|there	0	0	0	0	0	0.0	2.0	0
line000295_TO|this|BARE|soul|LET|all|MEN|judge|THAT|can	0	0	2.0	0	0	0.0	4.0	0
line000338_AE|ro|PLANE|and|ZE|pp|ELIN|will|COME|out	0	0	0	0	0	0.0	0	0
line000246_our|HANDS|are|BLENCHED|our|FIN|gers|SEEM	0	0	0	0	0	0.0	0	0
line000171_of|HAM|mered|GOLD|and|GOLD|en|AM|el|LING	0	0	2.0	0	0	0.0	0	0
line000204_BEAU|ti|FUL|one|A|ga|ZELLE	0	0	4.0	0	0	0.0	0	0
line000205_BUT|a|RAV|ing|AU|tumn|SHEARS	0	0	2.0	0	0	0.0	0	0
line000347_DO|not|BREAK|up.their|LINES|to|WEEP	0	0	0	0	0	1.0	0	1.0
line000196_o|BUT|her|HEART|would|BREAK|to|LEARN|my|THOUGHTS|are|FAR|aw|AY	0	0	2.0	0	0	0.0	0	0
line000153_a|TAT|tered|COAT|up|ON|a|STICK|un|LESS	0	0	0	0	0	0.0	0	0
line000265_and|BIDS|my|HAIR|stand|UP	0	0	2.0	0	0	0.0	2.0	0
line000288_up|ON|a|PAINT|ed|STAGE|when|WE|de|VO|ured.his|HEART	0	0	2.0	0	0	1.0	0	1.0
line000371_OV|er.them|FLIES|a|LONG|legged|BIRD	0	0	0	0	0	1.0	2.0	1.0
line000278_that|WO|man.the|GREAT.MOTH|er|IM|ag|ING	0	0	2.0	0	0	1.0	0	2.0
line000377_SEEMS|a|WA|ter|COURSE|or.an|AV|al|ANCHE	0	0	0	0	0	1.0	0	1.0
line000144_that.is|NO.COUN|try.for|OLD.MEN|the|YOUNG	0	0	0	0	0	1.0	0	4.0
line000364_when|SEA|wind|SWEPT|the|COR|ner|STANDS	0	0	0	0	0	0.0	2.0	0
line000356_it|CAN|not|GROW|by.an|INCH|or.an|OUNCE	0	0	0	0	0	2.0	0	2.0
line000084_what|VOICE|more|SWEET|than|HERS	0	0	2.0	0	0	0.0	0	0
line000068_i.have|PASSED|with.a|NOD|of.the|HEAD	0	0	0	0	0	0.0	0	3.0
line000314_em|PE|do|CLES|has|THROWN|all|THINGS|ab|OUT	0	0	2.0	0	0	0.0	0	0
line000304_o'|HI|ggins.its|SOLE.STATES|man|HAD|not|DIED	0	0	0	0	0	1.0	0	2.0
line000343_that's.o|P|h.elia|THAT|co|RD|el.ia	0	0	0	1.0	0	1.0	0	3.0
line000025_and|WHEN|at|LAST|that|MUR|der's|OV|er	0	0	0	0	0	0.0	0	0
line000113_CHAN|ges|MI|nute.by|MI|nute	0	0	0	0	0	1.0	0	1.0
line000166_it|KNOWS|not|WHAT|it|IS|and|GATH|er|ME	0	0	4.0	0	0	0.0	0	0
line000183_it|FEARED|the|HURT|that|SHE|could|GIVE|and|THERE|fore.it|WENT.MAD	0	0	2.0	0	0	1.0	0	2.0
line000087_this|MAN|had|KEPT|a|SCHOOL	0	0	0	0	0	0.0	0	0
line000061_and|SURE|ly|AF|ter|TWEN|ty|YEARS|it.was|TIME|to|COME	0	0	0	0	0	1.0	0	1.0
line000156_nor|IS|there|SI|nging|SCHOOL|but|ST|ud|YING	0	0	4.0	0	0	0.0	0	0
line000136_be|WIL|dered|THEM|till.they|DIED	0	0	2.0	0	0	1.0	0	1.0
line000031_when|OIL|and|WICK|are|BURNED|in|ONE	0	0	2.0	0	0	0.0	0	0
line000122_o|WHEN|may|IT|suf|FICE	0	0	2.0	0	0	0.0	0	0
line000349_GA|ie|TY|trans|FIG|ur.ing|ALL|that|DREAD	0	0	2.0	0	0	1.0	0	1.0
line000154_soul|CLAP|its|HANDS|and|SING|and|LOUD|er|SING	0	0	0	0	0	0.0	2.0	0
line000017_and.this|FOUL.WORLD|were|DEAD|at|LAST	0	0	0	0	0	1.0	0	2.0
line000319_what|MAT|ter|HEAVE|no|SIGH|let|NO|tear|DROP	0	0	0	0	0	0.0	6.0	0
line000050_FOR|how|SHOULD|i.for|GET|the|WIS|dom|THAT|you|BROUGHT	0	0	2.0	0	0	1.0	0	1.0
line000252_THROUGH|the|HOL|low|OF|an|EAR	0	0	4.0	0	0	0.0	0	0
line000290_i|THIRST|for|AC|cu|SA|tion|ALL|that.was|SUNG	0	0	0	0	0	1.0	0	1.0
line000366_of.a|SLEN|der.palm|STOOD|but.a|DAY	0	0	0	0	0	0.0	2.0	3.0
line000132_for|ALL|that.is|DONE|and|SAID	0	0	0	0	0	1.0	0	1.0
line000170_but|SUCH|a|FORM|as|GR|ec.ian|GOLD|smiths|MAKE	0	0	2.0	0	0	1.0	0	1.0
line000085_when|YOUNG|and|BEAU|ti|FUL	0	0	2.0	0	0	0.0	0	0
line000274_a|FREN|zied|CROWD|and|WHERE|the|BRANCH|es|SPRANG	0	0	0	0	0	0.0	0	0
line000309_the|GY|res.the|GY|res.old|RO|cky|FACE|look|FORTH	0	0	0	0	0	2.0	4.0	2.0
line000079_a|TER|ri.ble|BEAU|ty.is|BORN	0	0	0	0	0	1.0	0	2.0
line000267_a|BUN|dle.of|TEM.PES|tu.ous|CLOUD|is|BLOWN	0	0	0	0	0	2.0	0	3.0
line000351_BLACK|out|HEAV|en|BLAZ|ing.in|TO|the|HEAD	0	0	0	0	0	1.0	0	1.0
line000330_or|AN|y|RICH|dark|NOTH|ing|DIS|in|TER	0	0	0	0	0	0.0	2.0	0
line000316_we|THAT|look|ON|but|LAUGH|in|TRAG|ic|JOY	0	0	2.0	0	0	0.0	2.0	0
line000052_on|A|fan|TAS|tic|RIDE|my|HOR|se's|FLANKS|are|SPURRED	0	0	2.0	0	0	0.0	0	0
line000186_but|O|my|HEART|could.bear|NO|more|WHEN|the|UP|land	0	0	2.0	0	0	1.0	2.0	1.0
line000181_the|WEST|wind|MADE|it|PI|ti|FUL|and.the|NORTH.WIND|afr|AID	0	0	2.0	0	0	1.0	2.0	2.0
line000313_I|r|R|a.tional|STREAMS|of|BLOOD|are|STAIN|ing|EARTH	0	0	2.0	0	0	1.0	0	1.0
line000198_now|THAT|your|TONGUE|can|NOT|per|SUADE|the|CHILD|till|SHE|mis|TAKE	0	0	2.0	0	0	0.0	2.0	0
line000134_to|KNOW|they|DREAMED|and.are|DEAD	0	0	0	0	0	1.0	0	1.0
line000086_she|RODE|to|HAR|ri|ERS	0	0	2.0	0	0	0.0	0	0
line000138_mac|DON|agh.and|MAC.BRIDE	0	0	0	0	0	1.0	2.0	2.0
line000034_YET|the|WORLD|stays	0	0	0	0	0	0.0	2.0	0
line000354_and|ALL|the|DROP|scenes|DROP|at|ONCE	0	0	0	0	0	0.0	2.0	0
line000245_fly|CATCH|ers|OF|the|MOON	0	0	2.0	0	0	0.0	2.0	0
line000257_EV|ery|COM|mon|WO|man|KNOWS	0	0	0	0	0	0.0	0	0
line000336_for|EV|er|YB|ody|KNOWS|or|ELSE|should|KNOW	0	0	0	0	0	0.0	0	0
line000121_can|MAKE|a|STONE|of.the|HEART	0	0	0	0	0	1.0	0	1.0
line000188_i|RAN|i|RAN|from.my|LOVE'S.SIDE|be|CAUSE|my|HEART|went|MAD	0	0	0	0	0	1.0	2.0	2.0
line000053_by|CHILD|ish|MEM|o|RIES|of.an|OLD|cross|PO|ll|EXFEN	0	0	4.0	0	0	1.0	2.0	1.0
line000090_was|COM|ing.in|TO|his|FORCE	0	0	0	0	0	1.0	0	1.0
line000296_WH|ether.it|BE|an|AN|i|MAL|or.a|MAN	0	0	2.0	0	0	2.0	0	2.0
line000239_CHIL|dren|DAZED|or|DEAD	0	0	0	0	0	0.0	0	0
line000036_your|COCK|er.el|FOUND|us|IN|the|WRONG	0	0	0	0	0	1.0	0	1.0
line000221_D|ear|SHAD|ows|NOW|you|KNOW|it|ALL	0	3.0	0	0	0	0.0	2.0	0
line000226_ARISE|and|BID|me|STRIKE|a|MATCH	0	0	0	0	0	0.0	0	0
line000163_and|BE|the|SI|nging|MAS|ters|OF|my|SOUL	0	0	2.0	0	0	0.0	0	0
line000100_IN|the|CAS|ual|COM|e|DY	0	0	2.0	0	0	0.0	0	0
line000385_one|ASKS|for|MOURN|ful|ME|lo|DIES	0	0	2.0	0	0	0.0	0	0
line000176_a|STRANGE|thing|SURE|ly|THAT|my|HEART|when|LOVE|had|COME|un|SOUGHT	0	0	0	0	0	0.0	2.0	0
line000376_EV|ery|AC|ci|DEN|tal|CRACK|or|DENT	0	0	0	0	0	0.0	0	0
line000080_that|WOM|an's|DAYS|were|SPENT	0	0	0	0	0	0.0	0	0
line000067_EIGH|teenth|CEN|tu.ry|HOUS|es	0	0	0	0	0	1.0	0	1.0
line000060_no|NO|not|SAID|but|CRIED|it|OUT|you.have|COME|ag|AIN	0	0	2.0	0	0	1.0	2.0	1.0
line000203_two|GIRLS|in|SILK|ki|MO|nos|BOTH	0	0	0	0	0	0.0	2.0	0
line000326_what|MAT|ter|THOSE|that|RO|cky|FACE|holds|D|ear	0	0	2.0	0	0	0.0	2.0	0
line000236_GLA|nces|OF|her|WAN|der.ing|EYE	0	0	2.0	0	0	1.0	0	1.0
line000173_or|SET|up|ON|a|GOLD|en|BOUGH|to|SING	0	0	0	0	0	0.0	0	0
line000307_through|JO|na.than|SWIFT'S|dark|GROVE|he|PASSED|and|THERE	0	0	2.0	0	0	1.0	2.0	1.0
line000301_had|COS|grave|EAT|en.pa|RNELL'S.HEART|the|LAND'S	0	0	0	0	0	1.0	0	2.0
line000342_THERE|struts|HAM|let|THERE|is|L|ear	0	0	4.0	0	0	0.0	2.0	0
line000089_this|OTH|er.his|HEL|per.and|FRIEND	0	0	0	0	0	1.0	0	2.0
line000081_in|IG|no.rant|GOOD|will	0	0	0	0	0	1.0	0	1.0
line000264_or|STRIKES|a|SUD|den|CHILL|in|TO|my|BONES	0	0	0	0	0	0.0	0	0
line000222_ALL|the|FOL|ly|OF|a|FIGHT	0	0	2.0	0	0	0.0	0	0
line000049_be|CAUSE|i|HAVE|no|OTH|er|YOUTH|can|MAKE|me|PINE	0	0	0	0	0	0.0	2.0	0
line000287_none|SHARED|our|GUILT|nor|DID|we|PLAY|a|PART	0	0	0	0	0	0.0	2.0	0
line000201_the|LIGHT|of|EVE|ning|LI|ss|ADELL	0	0	2.0	0	0	0.0	0	0
line000317_what|MAT|ter.though|NUMB.NIGHT|mare|RIDE|on|TOP	0	3.0	0	0	0	1.0	2.0	2.0
line000235_moon|STRUCK|by|THE|de|SPAIR|ing	0	0	2.0	0	0	0.0	2.0	0
line000024_with|CRUE|lties.of|CHOICE|and|CHANCE	0	0	0	0	0	1.0	0	1.0
line000224_the|IN|no|CENT|and.the|BEAU|ti|FUL	0	0	4.0	0	0	1.0	0	1.0
line000228_SHOULD|the|CON|fla|GRA|tion|CLIMB	0	0	0	0	0	0.0	0	0
line000082_her|NIGHTS|in|AR|gu|MENT	0	0	2.0	0	0	0.0	0	0
line000009_howled|MI|au||d|BARKED|brayed|BELLED|yelled|CRIED|crowed	0	0	0	0	0	0.0	10.0	0
line000261_WHAT|is.this|FLESH|i|PUR|chased|WITH|my|PAINS	0	0	2.0	0	0	1.0	0	1.0
line000116_the|LONG|legged|MOOR|hens|DIVE	0	0	0	0	0	0.0	4.0	0
line000168_ONCE|out.of|NA|ture.i|SHALL.NEV|er|TAKE	0	0	0	0	0	1.0	0	3.0
line000199_her|CHILD|ish|GRAT|i|TUDE|for|LOVE|and|MATCH|your|FIF|ty|YEARS	0	0	0	0	0	0.0	0	0
line000013_and|NEV|er|CREW|ag|AIN|till|NOW	0	0	0	0	0	0.0	0	0
line000375_EV|ery.di|SC|ol|OR|ation|OF|the|STONE	0	0	2.0	0	0	1.0	0	1.0
line000046_o|SO|lo.mon|LET|us|TRY|ag|AIN	0	0	0	0	0	1.0	0	1.0
line000193_you|BUT|im|AG|ine|LIES|all|DAY|o|MUR|der|ER|i.rep|LIED	0	0	4.0	0	0	1.0	0	1.0
line000187_CAUGHT|the|WIND	0	0	0	0	0	0	0	0
line000088_and|RODE|our|WINGED|horse	0	0	0	0	0	0.0	2.0	0
line000045_AND|the|MOON|is|WIL|der|EV|ery|MI|nute	0	0	2.0	0	0	0.0	0	0
line000359_old|CI|vi.li|SA|tions|PUT|to.the|SWORD	0	0	0	0	0	2.0	2.0	2.0
line000191_how|COULD|she|MATE|with|FIF|ty|YEARS|that|WAS|so|WILD|ly|BRED	0	0	2.0	0	0	0.0	0	0
line000255_the|HEAV|ens|IN|my|WOMB	0	0	0	0	0	0.0	0	0
line000331_the|WORK|man|NO|ble.and|SAINT|and|ALL|things|RUN	0	0	0	0	0	1.0	2.0	1.0
line000220_BEAU|ti|FUL|one|A|ga|ZELLE	0	0	4.0	0	0	0.0	0	0
line000273_rich|FO|liage|THAT|the|STAR|light|GLIT|tered|THROUGH	0	3.0	2.0	0	0	0.0	4.0	0
line000299_NO|loose.lipped|DEM|a|GOGUE|had|WON|the|DAY	0	0	0	0	0	1.0	2.0	1.0
line000373_the.third|DOUBT|less.a|SERV|ing|MAN	0	0	0	0	0	1.0	2.0	2.0
line000175_of|WHAT|is|PAST|or|PASS|ing|OR|to|COME	0	0	2.0	0	0	0.0	0	0
line000015_chance|BE|ing|AT|one.with|CHOICE|at|LAST	0	0	0	0	0	1.0	2.0	1.0
line000032_THERE|fore.a|BLESSED|moon.last|NIGHT	0	0	0	0	0	0.0	2.0	2.0
line000043_nor|AN|y|HU|man|SIGHT|with|IN|it	0	0	0	0	0	0.0	0	0
line000386_ACC|omplished|FIN|gers.be|GIN|to|PLAY	0	0	0	0	0	1.0	0	1.0
line000348_they|KNOW|that|HAM|let.and|L|ear.are|GAY	0	0	0	0	0	2.0	0	2.0
line000139_and|CON|nol|LY|and|P|earse	0	0	0	0	0	0.0	0	0
line000101_he|TOO|has|BEEN|changed|IN|his|TURN	0	0	0	0	0	0.0	2.0	0
line000048_im|AG|ine|THAT|lost|LOVE|in|SEP|a|RA|ble|FROM|my|THOUGHT	0	0	4.0	0	0	0.0	2.0	0
line000142_are|CHANGED|changed|UT|ter|LY	0	0	2.0	0	0	0.0	2.0	0
line000001_and|THUS|de|CLARED|that|A|rab|LAD|y	0	0	0	0	0	0.0	0	0
line000350_all|MEN|have|AIMED|at|FOUND|and|LOST	0	0	0	0	0	0.0	0	0
line000065_COM|ing.with|VI|vid|FAC|es	0	0	0	0	0	1.0	0	1.0
line000329_or|DARK|be|TWIXT|the|POLE|cat|AND|the|OWL	0	3.0	2.0	0	0	0.0	2.0	0
line000328_from|MAR|ble|OF|a|BRO|ken|SE|pu|LCHRE	0	0	4.0	0	0	0.0	0	0
line000073_of.a|MOCK|ing|TALE|or.a|GIBE	0	0	0	0	0	1.0	0	2.0
line000040_the|NIGHT|has|FALL|en|NOT|a|SOUND	0	0	0	0	0	0.0	0	0
line000047_do|NOT|be|CAUSE|this|DAY|i|HAVE|grown|SAT|ur|NINE	0	0	0	0	0	0.0	2.0	0
line000369_two|CHI|na|MEN|be|HIND|them.a|THIRD	0	0	0	0	0	1.0	2.0	1.0
line000056_be|FORE|my|TIME|seem|LIKE|a|VI|vid|MEM|o|RY	0	0	2.0	0	0	0.0	2.0	0
line000315_HEC|tor.is|DEAD|and|THERE'S|a|LIGHT|in|TROY	0	0	2.0	0	0	1.0	0	1.0
line000042_un|LESS|a|PE|tal|HIT|the|GROUND	0	0	0	0	0	0.0	0	0
line000227_and|STRIKE|an|OTH|er.till|TIME.CATCH	0	0	0	0	0	1.0	0	2.0
line000197_speak|ALL|your|MIND|my|HEART|sang.out|SPEAK.ALL|your|MIND|who|CARES	0	0	0	0	0	1.0	4.0	2.0
line000164_con|SUME|my|HEART|aw|AY|sick|WITH|de|SIRE	0	0	2.0	0	0	0.0	2.0	0
line000208_PAR|doned|DRAGS|out|LONE|ly|YEARS	0	0	0	0	0	0.0	0	0
line000212_when|WITH|ered|OLD|and|SK|el.eton|GAUNT	0	0	0	0	0	1.0	0	1.0
line000380_SWEET|ens.the|LIT|tle|HALF|way|HOUSE	0	0	0	0	0	1.0	2.0	1.0
line000117_and|HENS|to|MOOR|cocks|CALL	0	0	0	0	0	0.0	2.0	0
line000008_what|EV|er|HAS|been|SAID|sighed|SUNG	0	0	0	0	0	0.0	2.0	0
line000378_or|LOF|ty|SLOPE|where.it|STILL.SNOWS	0	0	0	0	0	1.0	0	2.0
line000218_that|TA|ble|AND|the|TALK|of|YOUTH	0	0	2.0	0	0	0.0	0	0
line000135_and|WHAT|if.ex|CESS|of|LOVE	0	0	0	0	0	1.0	0	1.0
line000012_three|HUN|dred|YEARS|be|FORE|the|FALL	0	0	0	0	0	0.0	2.0	0
line000365_his|LONG|lamp|CHIM|ney|SHAPED|like.the|STEM	0	0	0	0	0	1.0	2.0	1.0
line000180_the|SOUTH|wind|BROUGHT|it|LONG|ing|AND|the|EAST|wind.de|SPAIR	0	0	2.0	0	0	1.0	4.0	1.0
line000195_i|DID|not|FIND|in|AN|y|CAGE|the|WO|man|AT|my|SIDE	0	0	0	0	0	0.0	0	0
line000014_and|WOULD|not|NOW|but|THAT|he|THOUGHT	0	0	0	0	0	0.0	0	0
line000244_what|MAN|hood|LED|the|DANCE	0	3.0	0	0	0	0.0	2.0	0
line000029_YET|the|WORLD|ends|WHEN|these|TWO|things	0	0	0	0	0	0.0	4.0	0
line000370_are|CARVED|in|LA|pis|LAZ|uli|	0	0	0	0	0	0.0	0	0
line000200_o|LET|her|CHOOSE|a|YOUNG|man|NOW|and|ALL|for.his|WILD.SAKE	0	0	0	0	0	1.0	2.0	2.0
line000250_may|REND|what|COMES|in|REACH	0	0	0	0	0	0.0	0	0
line000124_to|MUR|mur|NAME|up|ON|name	0	0	0	0	0	0.0	2.0	0
line000367_ALL|things|FALL|and.are|BUILT|ag|AIN	0	0	0	0	0	1.0	2.0	1.0
line000126_when|SLEEP|at|LAST|has|COME	0	0	0	0	0	0.0	0	0
line000145_IN|one.an|OTH|er's|ARMS|birds|IN|the|TREES	0	0	0	0	0	1.0	2.0	1.0
line000131_for|ENG|land.may|KEEP.FAITH	0	0	0	0	0	1.0	0	2.0
line000271_WHAT|is.this|SAC|ri|FICE|can|SOME|one|THERE	0	3.0	2.0	0	0	1.0	2.0	1.0
line000333_i|HAVE|heard|THAT|hys|TER|i.cal|WO|men|SAY	0	0	0	0	0	1.0	2.0	1.0
line000098_YET|i|NUM|ber.him|IN|the|SONG	0	0	0	0	0	1.0	0	1.0
line000033_gave|SHE|ba|TO|her|SO|lo|MON	0	0	4.0	0	0	0.0	2.0	0
line000155_for|EV|ery|TAT|ter|IN|its|MOR|tal|DRESS	0	0	0	0	0	0.0	0	0
line000379_though|DOUBT|less|PLUM|or|CHER|ry|BRANCH	0	0	0	0	0	0.0	0	0
line000268_ab|OUT|the|SKY|where|THAT|is|CLEAR|of|CLOUD	0	0	0	0	0	0.0	0	0
line000149_what|EV|er|IS|be|GOT|ten|BORN|and|DIES	0	0	2.0	0	0	0.0	0	0
line000238_for|CHIL|dren|BORN|of.her|PAIN	0	0	0	0	0	1.0	0	1.0
line000209_co|NS|pi|RING|am|ONG|the|IG|no|RANT	0	0	4.0	0	0	0.0	0	0
line000310_THINGS|thought.too|LONG|can|BE|no|LON|ger|THOUGHT	0	0	0	0	0	1.0	4.0	1.0
line000341_ALL|per|FORM|their|TRAG|ic|PLAY	0	0	0	0	0	0.0	0	0
line000169_my|BOD|i.ly|FORM|from|AN|y|NAT|ural|THING	0	0	0	0	0	1.0	0	1.0
line000363_made|DRA|per|IES|that|SEEMED|to|RISE	0	0	2.0	0	0	0.0	2.0	0
line000083_un|TIL|her|VOICE|grew|SHRILL	0	0	0	0	0	0.0	2.0	0
line000368_and.those|THAT.BUILD|them.ag|AIN|are|GAY	0	0	0	0	0	1.0	0	3.0
line000099_he|TOO|has.re|SIGNED|his|PART	0	0	0	0	0	1.0	0	1.0
line000120_too|LONG|a|SAC|ri|FICE	0	0	0	0	0	0.0	2.0	0
line000286_i{|HY|st|ER|ica|PA|ss|IO|dragged.this|QUAR|ry|DOWN	0	0	2.0	0	0	1.0	4.0	1.0
line000107_to|TROU|ble.the|LIV|ing|STREAM	0	0	0	0	0	1.0	0	1.0
line000360_THEN|they|AND|their|WIS|dom|WENT|to|RACK	0	0	2.0	0	0	0.0	0	0
line000020_for.though|LOVE.HAS|a|SPI|der's|EYE	0	0	0	0	0	1.0	0	2.0
line000004_with|IN|my|ARMS|great|SO|lo|MON	0	0	2.0	0	0	0.0	2.0	0
line000247_but|SLEN|der|NEE|dles.of|BONE	0	0	0	0	0	1.0	0	1.0
line000190_be|CAUSE|i|MADE|you|TURN|aw|AY|and|RUN|from|THAT|young|CHILD	0	0	0	0	0	0.0	2.0	0
line000332_on|THAT|un|FA|sh|IO|nable|GY|re.ag|AIN	0	0	2.0	0	0	1.0	0	1.0
line000159_TO|the|HOL|y|CI|ty|OF|by|ZA|nt|IUM	0	0	6.0	0	0	0.0	0	0
line000270_what|SHUD|ders|RUN|through|ALL|that|AN|i.mal|BLOOD	0	0	0	0	0	1.0	0	1.0
line000059_up|ON|the|OP|en|ROAD|near|TO|the|SLI|go|QUAY	0	0	2.0	0	0	0.0	0	0
line000076_BE|ing|CER|tain|THAT|they|AND|i	0	0	2.0	0	0	0.0	0	0
line000276_a|WO|man|AND|an|AR|row|ON|a|STRING	0	0	4.0	0	0	0.0	0	0
line000064_i.have|MET|them.at|CLOSE|of|DAY	0	0	0	0	0	1.0	0	2.0
line000109_the|RID|er.the|BIRDS|that|RANGE	0	0	0	0	0	1.0	0	1.0
line000243_where|EV|ery|FOOT|obe|YED|her|GLANCE	0	0	0	0	0	0.0	0	0
line000167_in|TO|the|AR|ti|FICE|of.et|ER|ni|TY	0	0	4.0	0	0	1.0	0	1.0
line000266_UN|der.the|GREAT|co|ME|di.an's|TOMB|the|CROWD	0	0	0	0	0	2.0	0	2.0
line000372_a|SYM|bol|OF|lo|NG|ev|ITY	0	0	4.0	0	0	0.0	0	0
line000058_PEO|ple.he|SAID	0	0	0	0	0	0	0	1.0
line000165_and|FAS|tened|TO|a|DY|ing|AN|i|MAL	0	0	4.0	0	0	0.0	0	0
line000097_to|SOME|who.are|NEAR|my|HEART	0	0	0	0	0	1.0	0	1.0
line000102_trans.formed|UT|ter.ly	0	3.0	0	1.0	0	0.0	2.0	2.0
line000210_i|KNOW|not|WHAT|the|YOU|nger|DREAMS	0	0	0	0	0	0.0	0	0
line000192_LET|the|CAGE|bird|AND|the|CAGE|bird|MATE|and.the|WILD.BIRD|mate|IN|the|WILD	0	0	2.0	0	0	1.0	6.0	2.0
line000279_CUT|out.his|HEART|some|MAS|ter|OF|de|SIGN	0	0	2.0	0	0	1.0	0	1.0
line000112_a|SHAD|ow.of|CLOUD|on.the|STREAM	0	0	0	0	0	1.0	0	2.0
