text_line	strength.w=>-p	stress.s=>-u	stress.w=>-p	footmin-none	footmin-no-s-unless-preceded-by-ww	posthoc-no-final-ww	posthoc-standardize-weakpos	strength.s=>-u
en.yeats.early_line000157_old|SI|lence|BIDS|its|CHO|sen|RACE|re|JOICE	0	0	2.0	0	0	0	0.0	0
en.yeats.early_line000205_BE|ing|WE|ary|OF|the.world's|EM|pires|BOW|down|TO|you	0	4.0	2.0	1.0	0	0	1.0	0
en.yeats.early_line000105_of.the|CALVES|on.the|WARM|hill|SIDE	3.0	0	2.0	2.0	0	0	1.0	0
en.yeats.early_line000259_and|AF|ter|RUN|ning|AT|the|BRIM	0	0	0	0	0	0	0.0	0
en.yeats.early_line000240_the|UN|av|AI|ling.out|CRIES|and.the|OLD.BIT|ter|NESS	3.0	2.0	2.0	3.0	0	0	2.0	0
en.yeats.early_line000208_of.this|DES|o.late|LAKE	0	0	0	2.0	0	0	0.0	0
en.yeats.early_line000081_AND|is|ANX|ious|IN|its|SLEEP	0	2.0	0	0	0	0	0.0	0
en.yeats.early_line000235_with|H|ere|IS|the|FI|dd|LER|of|DO|oney	0	4.0	0	0	0	0	0.0	0
en.yeats.early_line000106_OR|the|KET|tle|ON|the|HOB	0	4.0	0	0	0	0	0.0	0
en.yeats.early_line000035_go|GATH|er|BY|the|HUM|ming|SEA	0	2.0	2.0	0	0	0	0.0	0
en.yeats.early_line000238_MAKE|their.faint|THUN|der|AND|the|GAR|den|BEES	0	2.0	2.0	1.0	0	0	1.0	0
en.yeats.early_line000043_for|WORDS|al|ONE|are|CER|tain|GOOD	0	0	0	0	0	0	0.0	0
en.yeats.early_line000198_BROOD|her.high|LONE|ly|MYS|ter|IES	0	2.0	2.0	1.0	0	0	1.0	0
en.yeats.early_line000207_i|WAN|der|BY|the|EDGE	0	2.0	0	0	0	0	0.0	0
en.yeats.early_line000040_thy|FRET|ful|WORDS|a|LIT|tle|WHILE	0	0	0	0	0	0	0.0	0
en.yeats.early_line000108_or|SEE|the|BROWN|mice|BOB	0	0	2.0	0	0	0	0.0	0
en.yeats.early_line000085_FOR|the|WORLD'S|more|FULL|of|WEEP|ing|THAN|you|CAN	0	6.0	0	0	0	0	0.0	0
en.yeats.early_line000194_for|HOURS|when|ALL|must|FADE|like|DEW	0	0	0	0	0	0	0.0	0
en.yeats.early_line000135_where|PEO|ple|LOVE|be|SIDE|the|RAV|elled|SEAS	0	0	0	0	0	0	0.0	0
en.yeats.early_line000007_of|ALL|the|MA|ny|CHANG|ing|THINGS	0	0	0	0	0	0	0.0	0
en.yeats.early_line000015_by.the|STAM|mer.ing|SCHOOL.BOY|said	0	0	2.0	3.0	0	0	1.0	0
en.yeats.early_line000083_TO|the|WA|ters|AND|the|WILD	0	4.0	0	0	0	0	0.0	0
en.yeats.early_line000220_my|BROTH|er.in|MO|ch|AR|ab|UIEE	0	0	0	1.0	0	0	1.0	0
en.yeats.early_line000093_GIVE|them.un|QUI|et|DREAMS	0	0	0	1.0	0	0	1.0	0
en.yeats.early_line000116_the|BRIL|liant|MOON|and|ALL|the|MIL|ky|SKY	0	0	0	0	0	0	0.0	0
en.yeats.early_line000046_where|DA|ff|ODIL|and|LI|ly|WAVE	0	0	0	0	0	0	0.0	0
en.yeats.early_line000191_a|MORE|dream|HE|avy|HOUR|than|THIS	0	2.0	2.0	0	0	0	0.0	0
en.yeats.early_line000155_but.one|SMALL.KNOT|grass|GROW|ing|BY|the|POOL	0	2.0	2.0	2.0	0	0	1.0	0
en.yeats.early_line000070_UN|der|STAND	0	0	0	0	0	0	0	0
en.yeats.early_line000231_AND|the|MER|ry|LOVE|the|FID|dle	0	2.0	0	0	0	0	0.0	0
en.yeats.early_line000242_TA|ra.up|ROOT|ed.and|NEW.COM|mon.ness	0	0	0	4.0	0	1.0	0.0	0
en.yeats.early_line000052_WALK|ing|GHOST|ly|IN|the|DEW	0	0	0	0	0	0	0.0	0
en.yeats.early_line000102_aw|AY|with|US|he's|GO|ing	0	2.0	0	0	0	0	0.0	0
en.yeats.early_line000225_WHEN|we|COME|at.the|END|of|TIME	0	0	0	1.0	0	0	1.0	0
en.yeats.early_line000100_FOR|to|WORLD'S|more|FULL|of|WEEP|ing|THAN|you|CAN	0	6.0	0	0	0	0	0.0	0
en.yeats.early_line000073_FAR|off.by|FUR|thest|ROSS|es	0	0	0	1.0	0	0	1.0	0
en.yeats.early_line000010_WORDS|al|ONE|are|CER|tain|GOOD	0	0	0	0	0	0	0.0	0
en.yeats.early_line000267_CRY|ing.am|ID|the|GLIT|ter.ing|SEA	0	0	0	2.0	0	0	1.0	0
en.yeats.early_line000252_the.butt|END|of.a|STEER|ing|OAR	0	0	0	2.0	0	0	1.0	0
en.yeats.early_line000075_WEAV|ing|OLD|en|DAN|ces	0	0	0	0	0	0	0.0	0
en.yeats.early_line000261_it|HAD|such|DIG|ni|TY|of|LIMB	0	2.0	0	0	0	0	0.0	0
en.yeats.early_line000095_from|FERNS|that|DROP|their|TEARS	0	0	0	0	0	0	0.0	0
en.yeats.early_line000112_WITH|a|FA|ery|HAND|in|HAND	0	2.0	0	0	0	0	0.0	0
en.yeats.early_line000214_and.the|GIR|dle.of|LIGHT|is.un|BOUND	0	0	0	3.0	0	0	0.0	0
en.yeats.early_line000076_MI|ng.ling|HANDS|and|MI|ng.ling|GLA|nces	0	0	0	2.0	0	0	2.0	0
en.yeats.early_line000193_i|HEAR|white|BEAU|ty|SIGH|ing|TOO	0	0	2.0	0	0	0	0.0	0
en.yeats.early_line000011_WHERE|are|NOW|the|WAR|ring|KINGS	0	0	0	0	0	0	0.0	0
en.yeats.early_line000132_it|SEEMED|they|RAISED|their|LIT|tle|SIL|ver|HEADS	0	0	0	0	0	0	0.0	0
en.yeats.early_line000270_by.the|SWEET.NAME|of|DEATH	0	0	0	2.0	0	0	1.0	0
en.yeats.early_line000049_with|MIRTH|ful|SONGS|be|FORE|the|DAWN	0	0	0	0	0	0	0.0	0
en.yeats.early_line000167_did|NOT|the|WORMS|that|SP|ired.ab|OUT|his|BONES	0	0	0	1.0	0	0	1.0	0
en.yeats.early_line000210_un|TIL|the|AX|le|BREAK	0	0	0	0	0	0	0.0	0
en.yeats.early_line000149_it|SEEMED|the|SUN|and|MOON|were|IN|the|FRUIT	0	0	0	0	0	0	0.0	0
en.yeats.early_line000065_AND|of|RED|dest|STO|len|CHER|ries	0	2.0	0	0	0	0	0.0	0
en.yeats.early_line000145_SANG|that.some|WHERE|to|NORTH|or|WEST|or|SOUTH	3.0	0	2.0	1.0	0	0	1.0	0
en.yeats.early_line000063_THERE|we've|HID|our|FA|ery|VATS	0	2.0	0	0	0	0	0.0	0
en.yeats.early_line000221_i|PASSED|my|BROTH|er.and|CO|usin	0	0	0	1.0	0	0	1.0	0
en.yeats.early_line000269_be|CAUSE|it|HAD|such|DIG|ni|TY	0	2.0	0	0	0	0	0.0	0
en.yeats.early_line000187_where.such|GREY.CLOUDS|of.in|CENSE.ROSE	0	0	0	4.0	0	0	0.0	0
en.yeats.early_line000189_for|THAT|pale|BREAST|and|LIN|gering|HAND	0	0	2.0	0	0	0	0.0	0
en.yeats.early_line000061_where|FLAP|ping|HER|ons|WAKE	0	0	0	0	0	0	0.0	0
en.yeats.early_line000142_be|FORE|they|HEAPED|his.grave|UN|der.the|HILL	0	0	2.0	2.0	0	0	2.0	0
en.yeats.early_line000038_and|THEY|thy|COM|for|TERS|will|BE	0	4.0	0	0	0	0	0.0	0
en.yeats.early_line000077_TILL|the|MOON|has|TAK|en|FLIGHT	0	2.0	0	0	0	0	0.0	0
en.yeats.early_line000027_SAV|ing|IN|thine|OWN|heart|SEEK|then	0	0	2.0	0	0	0	0.0	0
en.yeats.early_line000251_i|SWAYED|up|ON|the|GAU|dy|STEM	0	0	0	0	0	0	0.0	0
en.yeats.early_line000223_i|READ|in.my|BOOK|of|SONGS	0	0	0	1.0	0	0	1.0	0
en.yeats.early_line000197_their|SWORDS|up|ON|their|IR|on|KNEES	0	0	0	0	0	0	0.0	0
en.yeats.early_line000202_of.un|KNOWN.PER|ish.ing|ARM|ies|BEAT|ab|OUT|my|EARS	0	0	0	3.0	0	0	2.0	0
en.yeats.early_line000180_the|LOVE|tales|WROUGHT|with|SI|lken|THREAD	0	0	2.0	0	0	0	0.0	0
en.yeats.early_line000266_CRIED|out.the|WHOLE|night|LONG	0	0	2.0	1.0	0	0	1.0	0
en.yeats.early_line000028_no|LEARN|ing|FROM|the|STAR|ry|MEN	0	2.0	2.0	0	0	0	0.0	0
en.yeats.early_line000096_OV|er.the|YOUNG.STREAMS	0	0	0	2.0	0	0	0	0
en.yeats.early_line000002_and|OV|er|IS|their.an|TIQUE.JOY	0	2.0	0	2.0	0	0	1.0	0
en.yeats.early_line000133_and|SANG|what.gold|MORN|ing.or|EVE|ning|SHEDS	0	0	2.0	2.0	0	0	2.0	0
en.yeats.early_line000117_and|ALL|that|FA|mous|HAR|mo|NY|of|LEAVES	0	2.0	0	0	0	0	0.0	0
en.yeats.early_line000168_pro|CLAIM|with|THAT|u|N|w.earied|REE|dy|CRY	0	0	0	1.0	0	0	1.0	0
en.yeats.early_line000160_and|MID|night|THERE|en|FOLD|them|LIKE|a|FLEECE	3.0	2.0	2.0	0	0	0	0.0	0
en.yeats.early_line000023_nor|SEEK|for|THIS|is|ALS|o|SOOTH	0	2.0	0	0	0	0	0.0	0
en.yeats.early_line000143_but|WHILE|he|PASSED|be|FORE|a|PL|ashy|PLACE	0	0	0	0	0	0	0.0	0
en.yeats.early_line000032_no|WORD|of|THEIRS|the|COLD|star|BANE	0	2.0	4.0	0	0	0	0.0	0
en.yeats.early_line000078_TO|and|FRO|we|LEAP	0	2.0	0	0	0	0	0.0	0
en.yeats.early_line000243_up|ON|the|THRONE|and|CRY|ing.ab|OUT|the|STREETS	0	0	0	1.0	0	0	1.0	0
en.yeats.early_line000125_and|ALL|that.lamen|TA|tion|OF|the|LEAVES	0	2.0	0	1.0	0	0	1.0	0
en.yeats.early_line000006_but.o|SICK.CHIL|dren|OF|the|WORLD	0	2.0	0	2.0	0	0	1.0	0
en.yeats.early_line000212_and|HANDS|hurl|IN|the|DEEP	0	0	2.0	0	0	0	0.0	0
en.yeats.early_line000206_MAS|ter|OF|the|STILL|stars|AND|of.the|FLAM|ing|DOOR	0	4.0	2.0	1.0	0	0	1.0	0
en.yeats.early_line000055_but|AH|she|DREAMS|not.now|DREAM|thou	0	0	2.0	1.0	0	0	1.0	0
en.yeats.early_line000128_his|HEART|hung|ALL|up|ON|a|SI|lken|DRESS	0	0	2.0	0	0	0	0.0	0
en.yeats.early_line000103_the|SO|lemn|EYED	0	0	0	0	0	0	0.0	0
en.yeats.early_line000147_UN|der.the|GOLD|en|OR|the|SIL|ver|SKIES	0	2.0	0	1.0	0	0	1.0	0
en.yeats.early_line000005_yet|STILL|she|TURNS|her|REST|less|HEAD	0	0	0	0	0	0	0.0	0
en.yeats.early_line000104_he'll|HEAR|no|MORE|the|LOW|ing	0	0	2.0	0	0	0	0.0	0
en.yeats.early_line000080_WHILE|the|WORLD|is|FULL|of|TROU|bles	0	0	0	0	0	0	0.0	0
en.yeats.early_line000021_TROU|bling.the|END|less|RE|ve|RIE	0	2.0	0	1.0	0	0	1.0	0
en.yeats.early_line000072_the|DIM|grey|SANDS|with|LIGHT	0	0	2.0	0	0	0	0.0	0
en.yeats.early_line000082_i{|COME|aw|AY|o|HU|man|CHILD	0	0	2.0	0	0	0	0.0	0
en.yeats.early_line000088_FROM|the|HILLS|ab|OVE|glen|CAR	0	2.0	2.0	0	0	0	0.0	0
en.yeats.early_line000173_DREAM|un|TIL|god.burn|NA|ture|WITH|a|KISS	0	2.0	2.0	1.0	0	0	1.0	0
en.yeats.early_line000054_my|SONGS|of|OLD|earth's|DRE|amy|YOUTH	0	0	2.0	0	0	0	0.0	0
en.yeats.early_line000099_WITH|a|FA|ery|HAND|in|HAND	0	2.0	0	0	0	0	0.0	0
en.yeats.early_line000029_who|FOL|low|WITH|the|OP|tic|GLASS	0	2.0	0	0	0	0	0.0	0
en.yeats.early_line000004_grey|TRUTH|is|NOW|her|PAINT|ed|TOY	0	0	2.0	0	0	0	0.0	0
en.yeats.early_line000118_had|BLOT|ted.out|MAN'S.IM|age|AND|his|CRY	0	2.0	0	2.0	0	0	1.0	0
en.yeats.early_line000150_and|AT|that|SI|nging|HE|was|NO|more|WISE	0	2.0	0	0	0	0	0.0	0
en.yeats.early_line000256_there.was|NO.MOTH|er's|SON|but|SAID	0	0	0	2.0	0	0	1.0	0
en.yeats.early_line000062_the|DRO|wsy|WA|ter|RATS	0	0	0	0	0	0	0.0	0
en.yeats.early_line000090_that|SCARCE|could|BATHE|a|STAR	0	0	0	0	0	0	0.0	0
en.yeats.early_line000086_UN|der|STAND	0	0	0	0	0	0	0	0
en.yeats.early_line000196_throne|OV|er|THRONE|where|IN|half|SLEEP	0	0	4.0	0	0	0	0.0	0
en.yeats.early_line000199_the|DEWS|drop|SLOW|ly.and|DREAMS.GATH|er.un|KNOWN.SPEARS	0	0	2.0	4.0	0	0	2.0	0
en.yeats.early_line000134_up|ON|a|WO|ven|WORLD|for|GOT|ten|ISLE	0	0	0	0	0	0	0.0	0
en.yeats.early_line000195_but|FLAME|on|FLAME|and|DEEP|on|DEEP	0	0	0	0	0	0	0.0	0
en.yeats.early_line000058_where|DIPS|the|RO|cky|HIGH|land	0	0	0	0	0	0	0.0	0
en.yeats.early_line000228_but|CALL|me|FIRST|through.the|GATE	0	0	0	1.0	0	0	1.0	0
en.yeats.early_line000130_be|FORE|earth|TOOK|him|TO|her|STO|ny|CARE	0	2.0	2.0	0	0	0	0.0	0
en.yeats.early_line000203_we|WHO|still|LAB|our|BY|the|CROM|lech|ON|the|SHORE	0	4.0	2.0	0	0	0	0.0	0
en.yeats.early_line000239_hum|IN|the|LIME|tree|FLOW|ers.and|PUT|aw|AY	0	0	4.0	1.0	0	0	1.0	0
en.yeats.early_line000047_and|I|would|PLEASE|the|HAP|less|FAUN	0	2.0	0	0	0	0	0.0	0
en.yeats.early_line000008_in|DREA|ry|DANC|ing|PAST|us|WHIRLED	0	0	0	0	0	0	0.0	0
en.yeats.early_line000151_he|MUSED|be|SIDE|the|WELL|of|SCA|navin	3.0	0	2.0	0	0	0	0.0	0
en.yeats.early_line000013_WHERE|are|NOW|the|WAR|ring|KINGS	0	0	0	0	0	0	0.0	0
en.yeats.early_line000218_FOLK|dance|LIKE|a|WAVE|of.the|SEA	0	0	2.0	1.0	0	0	1.0	0
en.yeats.early_line000064_FULL|of|BER|ries	0	0	0	0	0	0	0.0	0
en.yeats.early_line000031_seek|THEN|for|THIS|is|ALS|o|SOOTH	0	2.0	2.0	0	0	0	0.0	0
en.yeats.early_line000091_we|SEEK|for|SLUM|ber.ing|TROUT	0	0	0	1.0	0	0	1.0	0
en.yeats.early_line000178_the|JEW|elled|CROWNS|that|KINGS|have|HURLED	0	0	0	0	0	0	0.0	0
en.yeats.early_line000057_dream|DREAM|for|THIS|is|ALS|o|SOOTH	0	2.0	2.0	0	0	0	0.0	0
en.yeats.early_line000030_the|WHI|rling|WAYS|of|STARS|that|PASS	0	0	0	0	0	0	0.0	0
en.yeats.early_line000181_by|DREAM|ing|LAD|ies.up|ON.CLOTH	0	0	0	2.0	0	0	1.0	0
en.yeats.early_line000012_WORD|be|MOCK|ers|BY|the|ROOD	0	2.0	0	0	0	0	0.0	0
en.yeats.early_line000158_what|EV|er|RAV|elled|WA|ters|RISE|and|FALL	0	0	0	0	0	0	0.0	0
en.yeats.early_line000177_that|HAS|long|FAD|ed|FROM|the|WORLD	0	2.0	2.0	0	0	0	0.0	0
en.yeats.early_line000119_a|GIRL|ar|OSE|that|HAD|red|MOURN|ful|LIPS	0	0	2.0	0	0	0	0.0	0
en.yeats.early_line000109_ROUND|and|ROUND|the|OAT|meal|CHEST	3.0	0	2.0	0	0	0	0.0	0
en.yeats.early_line000123_ar|OSE|and|ON|the|IN|stant|CL|am.orous|EAVES	0	2.0	0	1.0	0	0	1.0	0
en.yeats.early_line000226_to|PE|ter|SIT|ting|IN|state	0	0	2.0	0	0	0	0.0	0
en.yeats.early_line000265_and|RUN|ning|CROWD|and|GAU|dy|SHIP	0	0	0	0	0	0	0.0	0
en.yeats.early_line000229_FOR|the|GOOD|are|AL|ways.the|MER|ry	0	2.0	0	1.0	0	0	1.0	0
en.yeats.early_line000003_of|OLD|the|WORLD|on|DREAM|ing|FED	0	0	0	0	0	0	0.0	0
en.yeats.early_line000172_why|SHOULD|those|LOV|ers|THAT|no|LOV|ers|MISS	0	0	2.0	0	0	0	0.0	0
en.yeats.early_line000171_up|ON|the|DAN|cer|BY|the|DREAM|less|WAVE	0	2.0	0	0	0	0	0.0	0
en.yeats.early_line000084_WITH|a|FA|ery|HAND|in|HAND	0	2.0	0	0	0	0	0.0	0
en.yeats.early_line000127_he|STOOD|am|ONG|a|CROWD|at|DRO|mahair	3.0	0	2.0	0	0	0	0.0	0
en.yeats.early_line000068_WITH|a|FA|ery|HAND|in|HAND	0	2.0	0	0	0	0	0.0	0
en.yeats.early_line000249_WHO|but.awa|ITS|his|HOUR|to|SHOOT|still|HANGS	0	0	2.0	1.0	0	0	1.0	0
en.yeats.early_line000053_PI|erced|BY|my.glad|SI|nging|THROUGH	0	4.0	2.0	1.0	0	0	1.0	0
en.yeats.early_line000246_i|AM|con|TENT|ed|FOR|i|KNOW|that|QUI|et	0	4.0	0	0	0	0	0.0	0
en.yeats.early_line000060_there|LIES|a|LEA|fy|IS|land	0	0	0	0	0	0	0.0	0
en.yeats.early_line000098_TO|to|WA|ters|AND|the|WILD	0	4.0	0	0	0	0	0.0	0
en.yeats.early_line000110_I{|for.be|COMES|the|HU|man|CHILD	0	0	0	1.0	0	0	1.0	0
en.yeats.early_line000244_and|HANG|ing.its|PA|per|FLOW|ers.from|POST|to|POST	0	0	0	2.0	0	0	2.0	0
en.yeats.early_line000169_that|GOD|has|LAID|his|FIN|gers|ON|the|SKY	0	2.0	0	0	0	0	0.0	0
en.yeats.early_line000001_the|WOODS|of|A|r|CADY|are|DEAD	0	2.0	0	0	0	0	0.0	0
en.yeats.early_line000258_up|ON|a|GAU|dy|BED	0	0	0	0	0	0	0.0	0
en.yeats.early_line000146_there|DWELT|a|GAY|ex|ULT|ing|GEN|tle|RACE	0	0	0	0	0	0	0.0	0
en.yeats.early_line000026_NEW|dreams.new|DREAMS|there.is|NO.TRUTH	0	0	2.0	3.0	0	0	0.0	0
en.yeats.early_line000204_the|GREY|cairn|ON|the|HILL|when|DAY|sinks|DROWNED|in|DEW	0	2.0	4.0	0	0	0	0.0	0
en.yeats.early_line000162_the|TALE|drove.his|FINE.AN|gry|MOOD|aw|AY	0	0	2.0	2.0	0	0	1.0	0
en.yeats.early_line000211_that|KEEPS|the|STARS|in.their|ROUND	0	0	0	1.0	0	0	1.0	0
en.yeats.early_line000025_lest|ALL|thy|TOIL|ing|ON|ly|BREEDS	0	0	0	0	0	0	0.0	0
en.yeats.early_line000166_now|THAT|the|EARTH|had|TAK|en|MAN|and|ALL	0	0	2.0	0	0	0	0.0	0
en.yeats.early_line000245_be|CAUSE|it|IS|al|ONE|of|ALL|things|HAP|py	0	2.0	2.0	0	0	0	0.0	0
en.yeats.early_line000192_and|WHEN|you|SIGH|from|KISS|to|KISS	0	0	0	0	0	0	0.0	0
en.yeats.early_line000014_an|ID|le|WORD|is|NOW|their|GLO|ry	0	0	0	0	0	0	0.0	0
en.yeats.early_line000059_of|SLEUTH|wood|IN|the|LAKE	0	0	2.0	0	0	0	0.0	0
en.yeats.early_line000124_a|CLIMB|ing|MOON|up|ON|an|EMP|ty|SKY	0	0	0	0	0	0	0.0	0
en.yeats.early_line000079_and|CHASE|the|FRO|thy|BUB|bles	0	0	0	0	0	0	0.0	0
en.yeats.early_line000139_he|WAN|dered|BY|the|SANDS|of|LI|ss|ADELL	0	4.0	0	0	0	0	0.0	0
en.yeats.early_line000022_then|NO|wise|WOR|ship|DUS|ty|DEEDS	0	0	0	0	0	0	0.0	0
en.yeats.early_line000264_what|COULD|i.but|TAKE|up.the|SONG	0	0	0	2.0	0	0	1.0	0
en.yeats.early_line000066_i{|COME|aw|AY|o|HU|man|CHILD	0	0	2.0	0	0	0	0.0	0
en.yeats.early_line000182_that|HAS|made|FAT|the|MUR|der.ous|MOTH	0	0	2.0	1.0	0	0	1.0	0
en.yeats.early_line000216_of|YOUR|bel|OVED|in|SLEEP	0	2.0	0	0	0	0	0.0	0
en.yeats.early_line000051_and|STILL|i|DREAM|he|TREADS|the|LAWN	0	0	0	0	0	0	0.0	0
en.yeats.early_line000050_his|SHOUT|ing|DAYS|with|MIRTH|were|CROWNED	0	0	0	0	0	0	0.0	0
en.yeats.early_line000136_that|TIME|can|NEV|er|MAR|a|LOV|er's|VOWS	0	0	0	0	0	0	0.0	0
en.yeats.early_line000188_that|ON|ly|GOD'S|eyes|DID|not|CLOSE	0	0	2.0	0	0	0	0.0	0
en.yeats.early_line000045_i|MUST|be|GONE|there|IS|a|GRAVE	0	2.0	0	0	0	0	0.0	0
en.yeats.early_line000069_FOR|the|WORLD'S|more|FULL|of|WEEP|ing|THAN|you|CAN	0	6.0	0	0	0	0	0.0	0
en.yeats.early_line000152_he|MUSED|up|ON|his|MOCK|ers.with|OUT.FAIL	0	0	0	2.0	0	0	1.0	0
en.yeats.early_line000131_but|WHEN|a|MAN|poured|FISH|in|TO|a|PILE	0	0	2.0	0	0	0	0.0	0
en.yeats.early_line000186_through|MA|ny.a|SA|cred|COR|ri|DOR	0	2.0	0	1.0	0	0	1.0	0
en.yeats.early_line000248_am.ong|PI|geons.and|BEES|while.that|GREAT.AR|cher	3.0	0	2.0	4.0	0	0	1.0	0
en.yeats.early_line000041_till|THEY|shall|SI|nging|FADE|in|RUTH	0	2.0	0	0	0	0	0.0	0
en.yeats.early_line000222_they|READ|in.their|BOOKS|of|PRAYER	0	0	0	1.0	0	0	1.0	0
en.yeats.early_line000154_when|EA|rthy|NIGHT|had|DRUNK|his|BO|dy|IN	0	0	0	0	0	0	0.0	0
en.yeats.early_line000263_though|I'D|my|FIN|ger|ON|my|LIP	0	4.0	0	0	0	0	0.0	0
en.yeats.early_line000156_sang|WHERE|un|NE|ce|SS|ary|CRU|el|VOICE	0	0	2.0	0	0	0	0.0	0
en.yeats.early_line000254_a|CROWD|up|ON|a|SHORE	0	0	0	0	0	0	0.0	0
en.yeats.early_line000034_and|DEAD|is|ALL|their|HU|man|TRUTH	0	0	0	0	0	0	0.0	0
en.yeats.early_line000183_the|ROS|es|THAT|of|OLD|time|WERE	0	2.0	2.0	0	0	0	0.0	0
en.yeats.early_line000009_to.the|CRACKED.TUNE|that|CHR|onos|SINGS	0	0	0	2.0	0	0	1.0	0
en.yeats.early_line000144_a|LUG|worm|WITH|its|GREY|and|MUD|dy|MOUTH	0	2.0	2.0	0	0	0	0.0	0
en.yeats.early_line000176_my|HEART|up|ON|the|LOVE|li|NESS	0	2.0	0	0	0	0	0.0	0
en.yeats.early_line000044_sing|THEN|for|THIS|is|ALS|o|SOOTH	0	2.0	2.0	0	0	0	0.0	0
en.yeats.early_line000122_and|PROUD|as|PRI|am|MUR|dered|WITH|his|PEERS	0	2.0	0	0	0	0	0.0	0
en.yeats.early_line000163_HE|slept|UN|der.the|HILL|of|LUG|na|GALL	0	2.0	2.0	1.0	0	0	1.0	0
en.yeats.early_line000036_some|TWIST|ed|EC|ho|HAR|bour.ing|SHELL	0	0	0	1.0	0	0	1.0	0
en.yeats.early_line000067_TO|the|WA|ters|AND|the|WILD	0	4.0	0	0	0	0	0.0	0
en.yeats.early_line000241_that|EMP|ty.the|HEART|i|HAVE|for|GOT|aw|HILE	0	0	0	1.0	0	0	1.0	0
en.yeats.early_line000164_and|MIGHT|have|KNOWN|at|LAST|un|HAUNT|ed|SLEEP	0	0	0	0	0	0	0.0	0
en.yeats.early_line000234_they|WILL|all|COME|up|TO|me	0	4.0	0	0	0	0	0.0	0
en.yeats.early_line000219_my|CO|usin.is|PRIEST.IN|kil|VAR|net	0	0	0	2.0	0	0	1.0	0
en.yeats.early_line000237_I|have|HEARD|the|PI|geons|OF|the|SEV|en|WOODS	0	4.0	0	0	0	0	0.0	0
en.yeats.early_line000140_his|MIND|ran|ALL|on|MON|ey|CARES|and|FEARS	0	0	2.0	0	0	0	0.0	0
en.yeats.early_line000213_the|BAN|ners.of|EAST|and|WEST	0	0	0	1.0	0	0	1.0	0
en.yeats.early_line000019_ON|ly.a|SUD|den|FLAM|ing|WORD	0	0	0	1.0	0	0	1.0	0
en.yeats.early_line000126_COULD|but.com|POSE|man's|IM|age|AND|his|CRY	0	2.0	2.0	1.0	0	0	1.0	0
en.yeats.early_line000215_your|BREAST|will.not|LIE|by.the|BREAST	0	0	0	2.0	0	0	1.0	0
en.yeats.early_line000114_UN|der|STAND	0	0	0	0	0	0	0	0
en.yeats.early_line000262_by.the|SWEET.NAME|of|DEATH	0	0	0	2.0	0	0	1.0	0
en.yeats.early_line000233_and|WHEN|the|FOLK|there|SPY|me	0	0	0	0	0	0	0.0	0
en.yeats.early_line000255_and|THOUGH|i|WOULD|have|HUSHED|the|CROWD	0	2.0	0	0	0	0	0.0	0
en.yeats.early_line000074_we|FOOT|it|ALL|the|NIGHT	0	0	0	0	0	0	0.0	0
en.yeats.early_line000170_THAT|from.those|FIN|gers|GLIT|ter.ing|SUM|mer|RUNS	0	0	0	2.0	0	0	2.0	0
en.yeats.early_line000247_WAN|ders|LAUGH|ing.and|EAT|ing.her|WILD.HEART	0	0	0	3.0	0	0	1.0	0
en.yeats.early_line000165_UN|der.that|COLD|and|VA|pour|TUR|baned|STEEP	0	0	0	1.0	0	0	1.0	0
en.yeats.early_line000101_UN|der|STAND	0	0	0	0	0	0	0	0
en.yeats.early_line000016_READ|ing|SOME|en|TAN|gled|STO|ry	0	0	0	0	0	0	0.0	0
en.yeats.early_line000148_THAT|if.a|DAN|cer|STAYED|his|HUN|gry|FOOT	0	0	0	1.0	0	0	1.0	0
en.yeats.early_line000115_the|BRAWL|ing|OF|a|SPAR|row|IN|the|EAVES	0	2.0	0	0	0	0	0.0	0
en.yeats.early_line000042_and|DIE|a|PEA|rly|BROTH|er|HOOD	0	0	0	0	0	0	0.0	0
en.yeats.early_line000024_to|HUN|ger|FIERCE|ly|AF|ter|TRUTH	0	0	0	0	0	0	0.0	0
en.yeats.early_line000257_WHAT|is.the|FIG|ure|IN|a|SHROUD	0	0	0	1.0	0	0	1.0	0
en.yeats.early_line000039_re|WORD|ing|IN|me|LO|di.ous|GUILE	0	0	0	1.0	0	0	1.0	0
en.yeats.early_line000120_and|SEEMED|the|GREAT|ness|OF|the|WORLD|in|TEARS	0	2.0	0	0	0	0	0.0	0
en.yeats.early_line000071_WHERE|the|WAVE|of|MOON|light|GLOSS|es	3.0	0	2.0	0	0	0	0.0	0
en.yeats.early_line000141_and|HE|had|KNOWN|at|LAST|some|PRU|dent|YEARS	0	2.0	0	0	0	0	0.0	0
en.yeats.early_line000094_LEAN|ing|SOFT|ly|OUT	0	2.0	0	0	0	0	0.0	0
en.yeats.early_line000209_where|WIND|cries|IN|the|SEDGE	0	0	2.0	0	0	0	0.0	0
en.yeats.early_line000092_and|WHIS|per.ing|IN|their|EARS	0	0	0	1.0	0	0	1.0	0
en.yeats.early_line000107_sing|PEACE|in|TO|his|BREAST	0	0	2.0	0	0	0	0.0	0
en.yeats.early_line000268_NAM|ing|IT|with.ec|ST|atic|BREATH	0	2.0	0	1.0	0	0	1.0	0
en.yeats.early_line000175_when.my|ARMS.WRAP|you|ROUND|i|PRESS	0	0	0	2.0	0	0	1.0	0
en.yeats.early_line000232_AND|the|MER|ry|LOVE|to|DANCE	0	2.0	0	0	0	0	0.0	0
en.yeats.early_line000138_the|SI|nging|SHOOK|him|OUT|of.his|NEW.EASE	0	2.0	0	2.0	0	0	1.0	0
en.yeats.early_line000097_i{|COME|aw|AY|o|HU|man|CHILD	0	0	2.0	0	0	0	0.0	0
en.yeats.early_line000020_in|CLANG|ing|SPACE|a|MO|ment|HEARD	0	0	0	0	0	0	0.0	0
en.yeats.early_line000037_and|TO|its|LIPS|thy|STO|ry|TELL	0	2.0	0	0	0	0	0.0	0
en.yeats.early_line000018_the|WAN|der.ing|EARTH|her|SELF|may|BE	0	0	0	1.0	0	0	1.0	0
en.yeats.early_line000227_HE|will|SMILE|on.the|THREE|old|SPIR|its	0	2.0	2.0	1.0	0	0	1.0	0
en.yeats.early_line000089_in|POOLS|am|ONG|the|RUSH|es	0	0	0	0	0	0	0.0	0
en.yeats.early_line000201_and|THEN|the|CLASH|of|FALL|en|HORSE|men|AND|the|CRIES	0	2.0	0	0	0	0	0.0	0
en.yeats.early_line000230_SAVE|by.an|EV|il|CHANCE	0	0	0	1.0	0	0	1.0	0
en.yeats.early_line000217_WHEN|i|PLAY|on.my|FID|dle.in|DO|oney	0	0	0	2.0	0	0	2.0	0
en.yeats.early_line000087_WHERE|the|WAN|der.ing|WA|ter|GUSH|es	0	0	0	1.0	0	0	1.0	0
en.yeats.early_line000017_the|KINGS|of.the|OLD.TIME|are|DEAD	0	0	0	2.0	0	0	1.0	0
en.yeats.early_line000224_i|BOUGHT|at.the|SLI|go|FAIR	0	0	0	1.0	0	0	1.0	0
en.yeats.early_line000129_and|HE|had|KNOWN|at|LAST|some|TEN|der|NESS	0	4.0	0	0	0	0	0.0	0
en.yeats.early_line000113_FROM|a|WORLD|more|FULL|of|WEEP|ing|THAN|you|CAN	0	6.0	0	0	0	0	0.0	0
en.yeats.early_line000111_TO|the|WA|ters|AND|the|WILD	0	4.0	0	0	0	0	0.0	0
en.yeats.early_line000033_has|CLO|ven.and|RENT|their|HEARTS|in|TWAIN	0	0	0	1.0	0	0	1.0	0
en.yeats.early_line000056_for|FAIR|are|POP|pies|ON|the|BROW	0	2.0	0	0	0	0	0.0	0
en.yeats.early_line000253_and|SAW|wher|EV|er|I|could|TURN	0	2.0	0	0	0	0	0.0	0
en.yeats.early_line000260_CRIED|out.up|ON|that|THING|be|NEATH	0	0	0	1.0	0	0	1.0	0
en.yeats.early_line000137_UN|der.that|WO|ven|CHANGE|less|ROOF|of|BOUGHS	0	0	0	1.0	0	0	1.0	0
en.yeats.early_line000159_or|STOR|my|SIL|ver|FRET|the|GOLD|of|DAY	0	0	0	0	0	0	0.0	0
en.yeats.early_line000179_in|SH|ad.owy|POOLS|when|ARM|ies|FLED	0	0	0	1.0	0	0	1.0	0
en.yeats.early_line000121_DOOMED|like.o|D|y|SSEUS|and.the|LA|bo.uring|SHIPS	0	2.0	0	3.0	0	0	1.0	0
en.yeats.early_line000048_B|uried|UN|der.the|SLE|epy|GROUND	0	0	0	1.0	0	0	1.0	0
en.yeats.early_line000174_the|MAN|has|FOUND|no|COM|fort|IN|the|GRAVE	0	0	2.0	0	0	0	0.0	0
en.yeats.early_line000236_and|DANCE|like.a|WAVE|of.the|SEA	0	0	0	2.0	0	0	1.0	0
en.yeats.early_line000153_his|SUD|den|VEN|geance|WERE|a|COUN|try|TALE	0	2.0	0	0	0	0	0.0	0
en.yeats.early_line000250_a|CLO|udy|QUI|ver|OV|er|PAIRC|na|LEE	0	0	2.0	0	0	0	0.0	0
en.yeats.early_line000190_COME|from.a|MORE|dream|HE|avy|LAND	0	0	2.0	1.0	0	0	1.0	0
en.yeats.early_line000200_SUD|den.ly|HUR|tle.be|FORE|my|DREAM|aw|AK|ened|EYES	0	0	0	2.0	0	0	2.0	0
en.yeats.early_line000185_the|DEW|cold|LIL|ies|LAD|ies|BORE	0	0	2.0	0	0	0	0.0	0
en.yeats.early_line000184_WO|ven.by|LAD|ies|IN|their|HAIR	0	0	0	1.0	0	0	1.0	0
en.yeats.early_line000161_and|LO|ver|THERE|by|LO|ver|BE|at|PEACE	0	2.0	0	0	0	0	0.0	0
en.yeats.late_line000062_I|am|THINK|ing|OF|a|CHILD'S|vow|SWORN|in|VAIN	0	0	4.0	0	0	0.0	2.0	0
en.yeats.late_line000030_though|SEV|eral|ARE|a|SIN|gle|LIGHT	0	0	2.0	0	0	0.0	0	0
en.yeats.late_line000182_it|FEARED|to|GIVE|its|LOVE|a|HURT|with|ALL|the|TEM|pest|THERE	0	0	2.0	0	0	0.0	0	0
en.yeats.late_line000035_if|THAT|be|SO	0	0	2.0	0	0	0.0	0	0
en.yeats.late_line000069_or.po|LITE.MEAN|ing.less|WORDS	0	0	0	0	0	0.0	0	3.0
en.yeats.late_line000184_i|CAN|ex|CHANGE|op|IN|ion.with|AN|y|NEIGH|bour.ing|MIND	0	0	2.0	0	0	2.0	0	2.0
en.yeats.late_line000092_so|SEN|si|TIVE|his|NA|ture|SEEMED	0	0	2.0	0	0	0.0	0	0
en.yeats.late_line000259_or|RO|cky|CIS|tern|WHERE|we|TREAD|the|CLOTHES	0	0	0	0	0	0.0	0	0
en.yeats.late_line000292_BRED|out|OF|the.con|TA|gion|OF|the|THRONG	0	0	4.0	0	0	1.0	0	1.0
en.yeats.late_line000016_all|THAT|the|BRIG|and|AP|ple|BROUGHT	0	0	0	0	0	0.0	0	0
en.yeats.late_line000128_what|IS|it.but|NIGHT.FALL	0	0	2.0	0	0	1.0	0	2.0
en.yeats.late_line000325_CON|duct.and|WORK|grow|COARSE|and|COARSE|the|SOUL	0	0	0	0	0	1.0	2.0	1.0
en.yeats.late_line000158_and|THERE|fore|I|have|SAILED|the|SEAS|and|COME	0	0	2.0	0	0	0.0	0	0
en.yeats.late_line000281_an|AGE|is|THE|re|VER|sal|OF|an|AGE	0	0	4.0	0	0	0.0	0	0
en.yeats.late_line000357_on.their|OWN.FEET|they|CAME|or.on|SHIP.BOARD	0	0	0	0	0	1.0	0	4.0
en.yeats.late_line000249_they.are|SPREAD.WIDE|that|EACH	0	0	0	0	0	1.0	0	2.0
en.yeats.late_line000003_on|GRA|ssy|MAT|tress|I|had|LAID|me	0	0	2.0	0	0	0.0	0	0
en.yeats.late_line000011_CREW|from.a|BLOS|som.ing|AP|ple|BOUGH	0	0	0	0	0	1.0	0	2.0
en.yeats.late_line000143_a|TER|ri.ble|BEAU|ty.is|BORN	0	0	0	0	0	1.0	0	2.0
en.yeats.late_line000284_what|MAT|ter|FOR|the|SCENE|the|SCENE|once|GONE	0	0	2.0	0	0	0.0	2.0	0
en.yeats.late_line000118_MI|nute.by|MI|nute.they|LIVE	0	0	0	0	0	0.0	0	2.0
en.yeats.late_line000277_a|PI|erced.boy|IM|age|OF|a|STAR|laid|LOW	0	0	2.0	0	0	1.0	4.0	1.0
en.yeats.late_line000096_he|HAD|done.most|BIT|ter|WRONG	0	0	0	0	0	1.0	0	1.0
en.yeats.late_line000055_and|OF|a|RED|haired|YEATS|whose|LOOKS|al|THOUGH|he|DIED	0	0	2.0	0	0	0.0	2.0	0
en.yeats.late_line000021_to|FIND|out|SOME|ap|PRO|pri.ate|PAIN	0	0	0	0	0	1.0	0	1.0
en.yeats.late_line000251_the|THREE|fold|TER|ror.of|LOVE|a|FALL|en|FLARE	0	3.0	0	0	0	1.0	2.0	1.0
en.yeats.late_line000160_o|SAG|es|STAND|ing|IN|god's|HOL|y|FIRE	0	0	0	0	0	0.0	2.0	0
en.yeats.late_line000202_great|WIN|dows|OP|en|TO|the|SOUTH	0	0	2.0	0	0	0.0	2.0	0
en.yeats.late_line000232_BID|me|STRIKE|a|MATCH|and|BLOW	0	0	0	0	0	0.0	0	0
en.yeats.late_line000269_BRIGHT|ness.re|MAINS|a|BRI|ghter|STAR|shoots|DOWN	0	0	2.0	0	0	1.0	2.0	1.0
en.yeats.late_line000179_it|COULD|not|BEAR|that|BUR|den.and|THERE|fore.it|WENT.MAD	0	0	0	0	0	2.0	0	3.0
en.yeats.late_line000103_a|TER|ri.ble|BEAU|ty.is|BORN	0	0	0	0	0	1.0	0	2.0
en.yeats.late_line000026_MA|ybe.the|BRIDE|bed|BRINGS|de|SPAIR	0	0	0	0	0	1.0	2.0	1.0
en.yeats.late_line000253_wings|BEAT|ing.ab|OUT|the|ROOM	0	0	0	0	0	1.0	2.0	1.0
en.yeats.late_line000028_and|FINDS|a.real|IM|age|THERE	0	0	2.0	0	0	1.0	2.0	1.0
en.yeats.late_line000006_NOT|his|NOT|mine	0	0	0	0	0	0.0	0	0
en.yeats.late_line000225_HAVE|no|EN|e|MY|but|TIME	0	0	2.0	0	0	0.0	2.0	0
en.yeats.late_line000306_their|SCHOOL|a|CROWD|his|MAS|ter|SO|li|TUDE	0	0	0	0	0	0.0	0	0
en.yeats.late_line000057_you|HEARD|that|LA|bo.uring|MAN.WHO|had|SERVED|my	0	0	0	0	0	1.0	0	2.0
en.yeats.late_line000285_it|HAD|not|TOUCHED|our|LIVES|but|POP|u.lar|RAGE	0	0	0	0	0	1.0	0	1.0
en.yeats.late_line000260_and|GATH|er|ALL|the|TALK	0	0	0	0	0	0.0	0	0
en.yeats.late_line000150_caught|IN|that|SEN|su.al|MU|sic|ALL|ne|GLECT	0	0	0	0	0	1.0	2.0	1.0
en.yeats.late_line000071_po.lite|MEAN|ing.less|WORDS	0	3.0	0	0	0	0.0	2.0	2.0
en.yeats.late_line000189_the|HEART|be|HIND|its|RIB|laughed|OUT|you.have|CALLED|me|MAD|it|SAID	0	0	2.0	0	0	1.0	2.0	1.0
en.yeats.late_line000219_two|GIRLS|in|SILK|ki|MO|nos|BOTH	0	0	0	0	0	0.0	2.0	0
en.yeats.late_line000119_the|STONE'S|in.the|MIDST|of|ALL	0	0	0	0	0	1.0	0	1.0
en.yeats.late_line000095_a|DRUNK|en.vain|GLO|ri.ous|LOUT	0	0	0	0	0	1.0	0	2.0
en.yeats.late_line000231_THEY|con|VICT|ed|US|of|GUILT	0	0	4.0	0	0	0.0	0	0
en.yeats.late_line000223_WITH|a|COM|mon|WRONG|or|RIGHT	0	0	2.0	0	0	0.0	0	0
en.yeats.late_line000022_AYE|though.all|PAS|sion's|IN|the|GLANCE	0	0	0	0	0	1.0	0	1.0
en.yeats.late_line000114_a|HORSE|hoof|SLIDES|on.the|BRIM	0	0	0	0	0	1.0	2.0	1.0
en.yeats.late_line000123_THAT|is|HEAV|en's|PART|our|PART	0	0	0	0	0	0.0	0	0
en.yeats.late_line000217_PIC|tures|OF|the|MIND|re|CALL	0	0	2.0	0	0	0.0	0	0
en.yeats.late_line000214_MA|ny.a|TIME|i|THINK|to|SEEK	0	0	0	0	0	1.0	0	1.0
en.yeats.late_line000353_though|HAM|let|RAM|bles.and|L|ear|RAG|es	0	0	0	0	0	1.0	0	1.0
en.yeats.late_line000074_to|PLEASE|a.com|PAN|ion	0	0	0	0	0	1.0	0	1.0
en.yeats.late_line000077_but|LIVED|where|MOT|ley.is|WORN	0	0	0	0	0	1.0	0	1.0
en.yeats.late_line000148_fish|FLESH|or|FOWL|com|MEND|all|SUM|mer|LONG	0	0	0	0	0	0.0	2.0	0
en.yeats.late_line000318_and|BLOOD|and|MIRE|the|SEN|si.tive|BO|dy|STAIN	0	0	0	0	0	1.0	0	1.0
en.yeats.late_line000382_de|LIGHT|to.im|AG|ine.them|SEAT|ed.there	0	0	0	1.0	0	1.0	0	3.0
en.yeats.late_line000157_MON|u|MENTS|of.its|OWN|mag|NIF|i|CENCE	0	0	4.0	0	0	1.0	0	1.0
en.yeats.late_line000320_a|GRE|ater|A|more|GRA|cious|TIME|has|GONE	0	0	2.0	0	0	0.0	0	0
en.yeats.late_line000283_we|LIVED|like|MEN|that|WATCH|a|PAINT|ed|STAGE	0	0	0	0	0	0.0	0	0
en.yeats.late_line000383_there|ON|the|MOUN|tain|AND|the|SKY	0	0	4.0	0	0	0.0	0	0
en.yeats.late_line000127_on|LIMBS|that|HAD|run|WILD	0	0	0	0	0	0.0	2.0	0
en.yeats.late_line000263_this|LOVE|that|MAKES|my|HEART'S|blood|STOP	0	0	0	0	0	0.0	2.0	0
en.yeats.late_line000137_i|WRITE|it.out|IN|a|VERSE	0	0	0	0	0	1.0	0	1.0
en.yeats.late_line000140_NOW|and.in|TIME|to|BE	0	0	0	0	0	1.0	0	1.0
en.yeats.late_line000038_MA|ybe.an|IM|age.is|TOO.STRONG	0	0	0	0	0	0.0	0	3.0
en.yeats.late_line000041_IN|the|FOR|bid.den|SA|cred|GROVE	0	0	0	0	0	1.0	0	1.0
en.yeats.late_line000362_who|HAN|dled|MAR|ble|AS|if|IT|were|BRONZE	0	0	4.0	0	0	0.0	0	0
en.yeats.late_line000066_from|COU|nter.or|DESK|am|ONG|grey	0	0	0	0	0	1.0	2.0	1.0
en.yeats.late_line000229_RUN|till|ALL|the|SAG|es|KNOW	0	0	0	0	0	0.0	0	0
en.yeats.late_line000063_NEV|er.to|LEAVE|that|VAL|ley.his|FA|thers|CALLED|their|HOME	0	0	0	0	0	2.0	0	2.0
en.yeats.late_line000289_come|FIX|up|ON|me|THAT|ac|CUS|ing|EYE	0	0	0	0	0	0.0	2.0	0
en.yeats.late_line000178_should|FIND|no|BUR|den|BUT|it|SELF|and|YET|should.be|WORN|out	0	0	2.0	0	0	1.0	2.0	1.0
en.yeats.late_line000322_in|AN|cient|TOMBS|i|SIGHED|but|NOT|ag|AIN	0	0	0	0	0	0.0	0	0
en.yeats.late_line000234_the|MOON|is|STAG|ger.ing|IN|the|SKY	0	0	0	0	0	1.0	0	1.0
en.yeats.late_line000185_i|HAVE|as|HEA|lthy|FLESH|and|BLOOD|as|AN|y|RH|ymer's|HAD	0	0	0	0	0	0.0	0	0
en.yeats.late_line000352_TR|ag.edy|WROUGHT|to.its|UT|ter|MOST	0	0	0	0	0	1.0	0	2.0
en.yeats.late_line000027_for|EACH|an.im|AG|ined|IM|age|BRINGS	0	0	0	0	0	1.0	0	1.0
en.yeats.late_line000162_COME|from.the|HOL|y|FIRE|perne|IN|a|GY|re	0	0	0	0	0	1.0	2.0	1.0
en.yeats.late_line000018_he.that|CROWED|out.et|ER|ni.ty	0	0	0	1.0	0	0.0	0	3.0
en.yeats.late_line000308_plucked|BIT|ter|WIS|dom|THAT|en|RICHED|his|BLOOD	0	0	0	0	0	0.0	2.0	0
en.yeats.late_line000262_this|FALL|en|STAR|my|MILK|sus|TAINS	0	0	0	0	0	0.0	0	0
en.yeats.late_line000125_AS|a|MOTH|er|NAMES|her|CHILD	0	0	2.0	0	0	0.0	0	0
en.yeats.late_line000327_LOV|ers.of|HORS|es|AND|of|WO|men|SHALL	0	0	2.0	0	0	1.0	0	1.0
en.yeats.late_line000361_no|HAND|i|WORK|of|CA|ll|IM|achus	0	0	0	0	0	0.0	2.0	0
en.yeats.late_line000337_THAT|if|NOTH|ing|DRAS|tic.is|DONE	0	0	0	0	0	1.0	0	1.0
en.yeats.late_line000311_for|BEAU|ty|DIES|of|BEAU|ty|WORTH|of|WORTH	0	0	0	0	0	0.0	0	0
en.yeats.late_line000174_to|LORDS|and|LAD|ies|OF|by|ZA|nt|IUM	0	0	4.0	0	0	0.0	0	0
en.yeats.late_line000005_i|SUD|den.ly|CRIED|out|IN|a|STRANGE|tongue	0	0	0	0	0	1.0	2.0	1.0
en.yeats.late_line000194_and|ALL|those|LIES|have|BUT|one|END|poor|WRETCH|es|TO|be|TRAY	0	0	4.0	0	0	0.0	2.0	0
en.yeats.late_line000105_through|SUM|mer.and|WIN|ter|SEEM	0	0	0	0	0	1.0	0	1.0
en.yeats.late_line000078_all|CHANGED|changed|UT|ter|LY	0	0	2.0	0	0	0.0	2.0	0
en.yeats.late_line000345_the|GREAT|stage|CUR|tain.ab|OUT|to|DROP	0	0	0	0	0	1.0	2.0	1.0
en.yeats.late_line000075_AROUND|the|FIRE|at.the|CLUB	0	0	0	0	0	1.0	0	1.0
en.yeats.late_line000258_CHIM|ney|COR|ner|GAR|den|WALK	0	0	0	0	0	0.0	0	0
en.yeats.late_line000115_and.a|HORSE.PLASH|es.with|IN|it	0	0	0	0	0	1.0	0	3.0
en.yeats.late_line000093_so|DAR|ing.and|SWEET|his|THOUGHT	0	0	0	0	0	1.0	0	1.0
en.yeats.late_line000298_HAD|de|VA|le.ra|EAT|en.pa|RNELL'S.HEART	0	0	0	0	0	1.0	0	3.0
en.yeats.late_line000147_the|SA|lmon|FALLS|the|MACK|er.el|CROWD|ed|SEAS	0	0	0	0	0	1.0	0	1.0
en.yeats.late_line000010_there|ON|rep|LIED|a|COCK|er|EL	0	0	2.0	0	0	0.0	0	0
en.yeats.late_line000172_to|KEEP|a|DRO|wsy|EM|per|OR|aw|AKE	0	0	2.0	0	0	0.0	0	0
en.yeats.late_line000152_an|AG|ed|MAN|is|BUT|a|PAL|try|THING	0	0	2.0	0	0	0.0	0	0
en.yeats.late_line000305_had|EV|en.o'|DU|ffy|BUT|i|NAME|no|MORE	0	0	2.0	0	0	1.0	2.0	1.0
en.yeats.late_line000297_the|REST|i|PASS|one|SEN|tence|I|un|SAY	0	0	2.0	0	0	0.0	0	0
en.yeats.late_line000340_un|TIL|the|TOWN|lie|BEAT|en|FLAT	0	0	0	0	0	0.0	2.0	0
en.yeats.late_line000275_a|BEAU|ti.ful|SEAT|ed|BOY|a|SA|cred|BOW	0	0	0	0	0	1.0	0	1.0
en.yeats.late_line000241_FIRST|trod|ON|the|MOUN|tain's|HEAD	0	0	2.0	0	0	0.0	2.0	0
en.yeats.late_line000282_when|STRAN|gers|MUR|dered|EM|met.fit|ZGE|rald|TONE	0	0	0	0	0	1.0	0	1.0
en.yeats.late_line000248_BLENCHED|by|THAT|ma|LI|cious|DREAM	0	0	0	0	0	0.0	0	0
en.yeats.late_line000387_their|EYES|mid|MA|ny|WRIN|kles.their|EYES	0	0	0	0	0	1.0	2.0	1.0
en.yeats.late_line000108_the|HORSE|that|COMES|from.the|ROAD	0	0	0	0	0	1.0	0	1.0
en.yeats.late_line000207_the|OLD|er|IS|con|DEMNED|to|DEATH	0	0	2.0	0	0	0.0	0	0
en.yeats.late_line000291_all|THAT|was|SAID|in|IR|el|AND|is.a|LIE	0	0	2.0	0	0	1.0	0	1.0
en.yeats.late_line000023_for|EV|ery|NERVE|and|TESTS|a|LO|ver	0	0	0	0	0	0.0	0	0
en.yeats.late_line000374_CAR|ries.a|MU|si.cal|IN|stru.ment	0	0	0	1.0	0	0.0	0	3.0
en.yeats.late_line000111_MI|nute.by|MI|nute.they|CHANGE	0	0	0	0	0	0.0	0	2.0
en.yeats.late_line000323_what|MAT|ter|OUT|of|CAV|ern|COMES|a|VOICE	0	0	2.0	0	0	0.0	0	0
en.yeats.late_line000094_this|OTH|er|MAN|i|HAD|dreamed	0	0	0	0	0	0.0	2.0	0
en.yeats.late_line000177_up|ON|the|NOR|man|UP|land.or|IN|that|POP|lar|SHADE	0	0	0	0	0	1.0	0	1.0
en.yeats.late_line000321_for|PAINT|ed|FORMS|or|BOX|es.of|MAKE|up	0	0	0	0	0	1.0	0	1.0
en.yeats.late_line000324_and|ALL|it|KNOWS|is|THAT|one|WORD|re|JOICE	0	0	0	0	0	0.0	0	0
en.yeats.late_line000141_wher|EV|er|GREEN|is|WORN	0	0	0	0	0	0.0	0	0
en.yeats.late_line000242_WHAT|stir|RAN|through.the|COUN|try|SIDE	0	0	0	0	0	1.0	2.0	1.0
en.yeats.late_line000039_or|MA|ybe|IS|not|STRONG|en|OUGH	0	0	2.0	0	0	0.0	0	0
en.yeats.late_line000334_they.are|SICK|of.the|PA|lette.and|FID|dle|BOW	0	0	0	0	0	1.0	0	3.0
en.yeats.late_line000335_of|PO|ets|THAT|are|AL|ways|GAY	0	0	0	0	0	0.0	0	0
en.yeats.late_line000104_HEARTS|with.one|PUR|pose.al|ONE	0	0	0	0	0	0.0	0	2.0
en.yeats.late_line000294_leave|NOTH|ing|BUT|the|NOTH|ings|THAT|be|LONG	0	0	2.0	0	0	0.0	2.0	0
en.yeats.late_line000254_the|TER|ror|OF|all|TER|rors|THAT|i|BORE	0	0	2.0	0	0	0.0	0	0
en.yeats.late_line000215_one|OR|the|OTH|er|OUT|and|SPEAK	0	0	4.0	0	0	0.0	0	0
en.yeats.late_line000130_was.it|NEED|less.death|AF|ter|ALL	0	0	0	0	0	1.0	2.0	2.0
en.yeats.late_line000211_some|VAGUE|ut|OP|ia||and.she|SEEMS	0	0	2.0	0	0	1.0	0	1.0
en.yeats.late_line000256_HAD|i.not|FOUND|con|TENT|am|ONG|the|SHOWS	0	0	0	0	0	1.0	0	1.0
en.yeats.late_line000146_those|DY|ing|GEN|er|A|tions|AT|their|SONG	0	0	0	0	0	0.0	0	0
en.yeats.late_line000293_SAV|ing.the|RHYME|rats|HEAR|be|FORE|they|DIE	0	0	0	0	0	1.0	2.0	1.0
en.yeats.late_line000303_or|LACK|ing.that|GOV|ern.ment|IN|such|HANDS	0	0	0	0	0	2.0	0	2.0
en.yeats.late_line000302_im|AG|in|AT|ion|HAD|been|SAT|is|FIED	0	0	0	0	0	0.0	0	0
en.yeats.late_line000206_BLOS|som|FROM|the|SUM|mer's|WREATH	0	0	2.0	0	0	0.0	0	0
en.yeats.late_line000358_CA|mel|BACK|horse|BACK|ass|BACK|mule|BACK	0	0	0	0	0	0.0	6.0	0
en.yeats.late_line000384_on|ALL|the|TRAG|ic|SCENE|they|STARE	0	0	0	0	0	0.0	0	0
en.yeats.late_line000051_the|COM|fort|THAT|you|MADE|al|THOUGH|my|WITS|have|GONE	0	0	0	0	0	0.0	0	0
en.yeats.late_line000007_who|UN|der|STOOD	0	0	0	0	0	0.0	0	0
en.yeats.late_line000072_and|THOUGHT|be|FORE|i|HAD|done	0	0	0	0	0	0.0	0	0
en.yeats.late_line000054_and|OF|a|MID|dle|TON|whose|NAME|you|NEV|er|HEARD	0	0	4.0	0	0	0.0	0	0
en.yeats.late_line000044_but.the|CRUSHED.GRASS|where.we|HAVE.LAIN	0	0	0	0	0	0.0	0	4.0
en.yeats.late_line000339_PITCH|like.king|BIL|ly|BOMB|balls|IN	0	0	0	0	0	1.0	4.0	1.0
en.yeats.late_line000213_an|IM|age|OF|such|POL|i|TICS	0	0	2.0	0	0	0.0	0	0
en.yeats.late_line000233_CRAZED|through|MUCH|child|BEAR|ing	0	0	0	0	0	0.0	2.0	0
en.yeats.late_line000280_stamped|BOY|and|TREE|up|ON|s|I|c.ilian|COIN	0	0	0	0	0	1.0	2.0	1.0
en.yeats.late_line000091_he|MIGHT|have|WON|fame|IN|the|END	0	0	0	0	0	0.0	2.0	0
en.yeats.late_line000110_from|CLOUD|to|TUM|bling|CLOUD	0	0	0	0	0	0.0	0	0
en.yeats.late_line000312_and|AN|cient|LI|ne|AM|ents.are|BLOT|ted|OUT	0	0	4.0	0	0	1.0	0	1.0
en.yeats.late_line000388_their|AN|cient|GLIT|ter.ing|EYES|are|GAY	0	0	0	0	0	1.0	0	1.0
en.yeats.late_line000230_we.the|GREAT.GAZE|bo|BUILT	0	0	0	0	0	1.0	0	2.0
en.yeats.late_line000240_WHEN|she|IN|all.her|VI|rg.inal|PRIDE	0	0	0	0	0	1.0	0	2.0
en.yeats.late_line000070_or.have|LIN|gered.aw|HILE|and|SAID	0	0	0	0	0	1.0	0	2.0
en.yeats.late_line000106_en|CHANT|ed|TO|a|STONE	0	0	2.0	0	0	0.0	0	0
en.yeats.late_line000019_THOUGHT|to.have|CROWED|it|IN|ag|AIN	0	0	0	0	0	1.0	0	1.0
en.yeats.late_line000237_we|GROPE|and|GROPE|in|VAIN	0	0	0	0	0	0.0	0	0
en.yeats.late_line000300_no|CIV|il|RAN|cour|TORN|the|LAND|ap|ART	0	0	0	0	0	0.0	2.0	0
en.yeats.late_line000355_up|ON|a|HUN|dred|THOU|sand|STA|ges	0	0	0	0	0	0.0	0	0
en.yeats.late_line000133_we|KNOW|their|DREAM|en|OUGH	0	0	0	0	0	0.0	0	0
en.yeats.late_line000161_as|IN|the|GOLD|mo|SA|ic|OF|a|WALL	0	0	2.0	0	0	0.0	0	0
en.yeats.late_line000381_those|CHI|na|MEN|climb|TOWARDS|and|I	0	0	2.0	0	0	0.0	2.0	0
en.yeats.late_line000151_MON|u|MENTS|of.un|AGE|ing|IN|tel|LECT	0	0	2.0	0	0	1.0	0	1.0
en.yeats.late_line000272_re|CALL|the|CRE|tan|BARB|that|PI|erced.a|STAR	0	0	0	0	0	1.0	0	1.0
en.yeats.late_line000129_no|NO|not|NIGHT|but|DEATH	0	0	0	0	0	0.0	2.0	0
en.yeats.late_line000002_LAST|night.where|UN|der.the|WILD.MOON	0	0	0	0	0	0.0	2.0	3.0
en.yeats.late_line000346_if|WOR|thy.their|PRO|min.ent|PART|in.the|PLAY	0	0	0	0	0	1.0	0	3.0
en.yeats.late_line000037_al|THOUGH|he|THOUGHT|it|WORTH|a|CROW	0	0	0	0	0	0.0	0	0
en.yeats.late_line000216_of|THAT|old|GEOR|gian|MAN|sion|MIX	0	0	0	0	0	0.0	2.0	0
en.yeats.late_line000344_YET|they|SHOULD|the|LAST|scene|BE|there	0	0	0	0	0	0.0	2.0	0
en.yeats.late_line000295_TO|this|BARE|soul|LET|all|MEN|judge|THAT|can	0	0	2.0	0	0	0.0	4.0	0
en.yeats.late_line000338_AE|ro|PLANE|and|ZE|pp|ELIN|will|COME|out	0	0	0	0	0	0.0	0	0
en.yeats.late_line000246_our|HANDS|are|BLENCHED|our|FIN|gers|SEEM	0	0	0	0	0	0.0	0	0
en.yeats.late_line000171_of|HAM|mered|GOLD|and|GOLD|en|AM|el|LING	0	0	2.0	0	0	0.0	0	0
en.yeats.late_line000204_BEAU|ti|FUL|one|A|ga|ZELLE	0	0	4.0	0	0	0.0	0	0
en.yeats.late_line000205_BUT|a|RAV|ing|AU|tumn|SHEARS	0	0	2.0	0	0	0.0	0	0
en.yeats.late_line000347_DO|not|BREAK|up.their|LINES|to|WEEP	0	0	0	0	0	1.0	0	1.0
en.yeats.late_line000196_o|BUT|her|HEART|would|BREAK|to|LEARN|my|THOUGHTS|are|FAR|aw|AY	0	0	2.0	0	0	0.0	0	0
en.yeats.late_line000153_a|TAT|tered|COAT|up|ON|a|STICK|un|LESS	0	0	0	0	0	0.0	0	0
en.yeats.late_line000265_and|BIDS|my|HAIR|stand|UP	0	0	2.0	0	0	0.0	2.0	0
en.yeats.late_line000288_up|ON|a|PAINT|ed|STAGE|when|WE|de|VO|ured.his|HEART	0	0	2.0	0	0	1.0	0	1.0
en.yeats.late_line000371_OV|er.them|FLIES|a|LONG|legged|BIRD	0	0	0	0	0	1.0	2.0	1.0
en.yeats.late_line000278_that|WO|man.the|GREAT.MOTH|er|IM|ag|ING	0	0	2.0	0	0	1.0	0	2.0
en.yeats.late_line000377_SEEMS|a|WA|ter|COURSE|or.an|AV|al|ANCHE	0	0	0	0	0	1.0	0	1.0
en.yeats.late_line000144_that.is|NO.COUN|try.for|OLD.MEN|the|YOUNG	0	0	0	0	0	1.0	0	4.0
en.yeats.late_line000364_when|SEA|wind|SWEPT|the|COR|ner|STANDS	0	0	0	0	0	0.0	2.0	0
en.yeats.late_line000356_it|CAN|not|GROW|by.an|INCH|or.an|OUNCE	0	0	0	0	0	2.0	0	2.0
en.yeats.late_line000084_what|VOICE|more|SWEET|than|HERS	0	0	2.0	0	0	0.0	0	0
en.yeats.late_line000068_i.have|PASSED|with.a|NOD|of.the|HEAD	0	0	0	0	0	0.0	0	3.0
en.yeats.late_line000314_em|PE|do|CLES|has|THROWN|all|THINGS|ab|OUT	0	0	2.0	0	0	0.0	0	0
en.yeats.late_line000304_o'|HI|ggins.its|SOLE.STATES|man|HAD|not|DIED	0	0	0	0	0	1.0	0	2.0
en.yeats.late_line000343_that's.o|P|h.elia|THAT|co|RD|el.ia	0	0	0	1.0	0	1.0	0	3.0
en.yeats.late_line000025_and|WHEN|at|LAST|that|MUR|der's|OV|er	0	0	0	0	0	0.0	0	0
en.yeats.late_line000113_CHAN|ges|MI|nute.by|MI|nute	0	0	0	0	0	1.0	0	1.0
en.yeats.late_line000166_it|KNOWS|not|WHAT|it|IS|and|GATH|er|ME	0	0	4.0	0	0	0.0	0	0
en.yeats.late_line000183_it|FEARED|the|HURT|that|SHE|could|GIVE|and|THERE|fore.it|WENT.MAD	0	0	2.0	0	0	1.0	0	2.0
en.yeats.late_line000087_this|MAN|had|KEPT|a|SCHOOL	0	0	0	0	0	0.0	0	0
en.yeats.late_line000061_and|SURE|ly|AF|ter|TWEN|ty|YEARS|it.was|TIME|to|COME	0	0	0	0	0	1.0	0	1.0
en.yeats.late_line000156_nor|IS|there|SI|nging|SCHOOL|but|ST|ud|YING	0	0	4.0	0	0	0.0	0	0
en.yeats.late_line000136_be|WIL|dered|THEM|till.they|DIED	0	0	2.0	0	0	1.0	0	1.0
en.yeats.late_line000031_when|OIL|and|WICK|are|BURNED|in|ONE	0	0	2.0	0	0	0.0	0	0
en.yeats.late_line000122_o|WHEN|may|IT|suf|FICE	0	0	2.0	0	0	0.0	0	0
en.yeats.late_line000349_GA|ie|TY|trans|FIG|ur.ing|ALL|that|DREAD	0	0	2.0	0	0	1.0	0	1.0
en.yeats.late_line000154_soul|CLAP|its|HANDS|and|SING|and|LOUD|er|SING	0	0	0	0	0	0.0	2.0	0
en.yeats.late_line000017_and.this|FOUL.WORLD|were|DEAD|at|LAST	0	0	0	0	0	1.0	0	2.0
en.yeats.late_line000319_what|MAT|ter|HEAVE|no|SIGH|let|NO|tear|DROP	0	0	0	0	0	0.0	6.0	0
en.yeats.late_line000050_FOR|how|SHOULD|i.for|GET|the|WIS|dom|THAT|you|BROUGHT	0	0	2.0	0	0	1.0	0	1.0
en.yeats.late_line000252_THROUGH|the|HOL|low|OF|an|EAR	0	0	4.0	0	0	0.0	0	0
en.yeats.late_line000290_i|THIRST|for|AC|cu|SA|tion|ALL|that.was|SUNG	0	0	0	0	0	1.0	0	1.0
en.yeats.late_line000366_of.a|SLEN|der.palm|STOOD|but.a|DAY	0	0	0	0	0	0.0	2.0	3.0
en.yeats.late_line000132_for|ALL|that.is|DONE|and|SAID	0	0	0	0	0	1.0	0	1.0
en.yeats.late_line000170_but|SUCH|a|FORM|as|GR|ec.ian|GOLD|smiths|MAKE	0	0	2.0	0	0	1.0	0	1.0
en.yeats.late_line000085_when|YOUNG|and|BEAU|ti|FUL	0	0	2.0	0	0	0.0	0	0
en.yeats.late_line000274_a|FREN|zied|CROWD|and|WHERE|the|BRANCH|es|SPRANG	0	0	0	0	0	0.0	0	0
en.yeats.late_line000309_the|GY|res.the|GY|res.old|RO|cky|FACE|look|FORTH	0	0	0	0	0	2.0	4.0	2.0
en.yeats.late_line000079_a|TER|ri.ble|BEAU|ty.is|BORN	0	0	0	0	0	1.0	0	2.0
en.yeats.late_line000267_a|BUN|dle.of|TEM.PES|tu.ous|CLOUD|is|BLOWN	0	0	0	0	0	2.0	0	3.0
en.yeats.late_line000351_BLACK|out|HEAV|en|BLAZ|ing.in|TO|the|HEAD	0	0	0	0	0	1.0	0	1.0
en.yeats.late_line000330_or|AN|y|RICH|dark|NOTH|ing|DIS|in|TER	0	0	0	0	0	0.0	2.0	0
en.yeats.late_line000316_we|THAT|look|ON|but|LAUGH|in|TRAG|ic|JOY	0	0	2.0	0	0	0.0	2.0	0
en.yeats.late_line000052_on|A|fan|TAS|tic|RIDE|my|HOR|se's|FLANKS|are|SPURRED	0	0	2.0	0	0	0.0	0	0
en.yeats.late_line000186_but|O|my|HEART|could.bear|NO|more|WHEN|the|UP|land	0	0	2.0	0	0	1.0	2.0	1.0
en.yeats.late_line000181_the|WEST|wind|MADE|it|PI|ti|FUL|and.the|NORTH.WIND|afr|AID	0	0	2.0	0	0	1.0	2.0	2.0
en.yeats.late_line000313_I|r|R|a.tional|STREAMS|of|BLOOD|are|STAIN|ing|EARTH	0	0	2.0	0	0	1.0	0	1.0
en.yeats.late_line000198_now|THAT|your|TONGUE|can|NOT|per|SUADE|the|CHILD|till|SHE|mis|TAKE	0	0	2.0	0	0	0.0	2.0	0
en.yeats.late_line000134_to|KNOW|they|DREAMED|and.are|DEAD	0	0	0	0	0	1.0	0	1.0
en.yeats.late_line000086_she|RODE|to|HAR|ri|ERS	0	0	2.0	0	0	0.0	0	0
en.yeats.late_line000138_mac|DON|agh.and|MAC.BRIDE	0	0	0	0	0	1.0	2.0	2.0
en.yeats.late_line000034_YET|the|WORLD|stays	0	0	0	0	0	0.0	2.0	0
en.yeats.late_line000354_and|ALL|the|DROP|scenes|DROP|at|ONCE	0	0	0	0	0	0.0	2.0	0
en.yeats.late_line000245_fly|CATCH|ers|OF|the|MOON	0	0	2.0	0	0	0.0	2.0	0
en.yeats.late_line000257_EV|ery|COM|mon|WO|man|KNOWS	0	0	0	0	0	0.0	0	0
en.yeats.late_line000336_for|EV|er|YB|ody|KNOWS|or|ELSE|should|KNOW	0	0	0	0	0	0.0	0	0
en.yeats.late_line000121_can|MAKE|a|STONE|of.the|HEART	0	0	0	0	0	1.0	0	1.0
en.yeats.late_line000188_i|RAN|i|RAN|from.my|LOVE'S.SIDE|be|CAUSE|my|HEART|went|MAD	0	0	0	0	0	1.0	2.0	2.0
en.yeats.late_line000053_by|CHILD|ish|MEM|o|RIES|of.an|OLD|cross|PO|ll|EXFEN	0	0	4.0	0	0	1.0	2.0	1.0
en.yeats.late_line000090_was|COM|ing.in|TO|his|FORCE	0	0	0	0	0	1.0	0	1.0
en.yeats.late_line000296_WH|ether.it|BE|an|AN|i|MAL|or.a|MAN	0	0	2.0	0	0	2.0	0	2.0
en.yeats.late_line000239_CHIL|dren|DAZED|or|DEAD	0	0	0	0	0	0.0	0	0
en.yeats.late_line000036_your|COCK|er.el|FOUND|us|IN|the|WRONG	0	0	0	0	0	1.0	0	1.0
en.yeats.late_line000221_D|ear|SHAD|ows|NOW|you|KNOW|it|ALL	0	3.0	0	0	0	0.0	2.0	0
en.yeats.late_line000226_ARISE|and|BID|me|STRIKE|a|MATCH	0	0	0	0	0	0.0	0	0
en.yeats.late_line000163_and|BE|the|SI|nging|MAS|ters|OF|my|SOUL	0	0	2.0	0	0	0.0	0	0
en.yeats.late_line000100_IN|the|CAS|ual|COM|e|DY	0	0	2.0	0	0	0.0	0	0
en.yeats.late_line000385_one|ASKS|for|MOURN|ful|ME|lo|DIES	0	0	2.0	0	0	0.0	0	0
en.yeats.late_line000176_a|STRANGE|thing|SURE|ly|THAT|my|HEART|when|LOVE|had|COME|un|SOUGHT	0	0	0	0	0	0.0	2.0	0
en.yeats.late_line000376_EV|ery|AC|ci|DEN|tal|CRACK|or|DENT	0	0	0	0	0	0.0	0	0
en.yeats.late_line000080_that|WOM|an's|DAYS|were|SPENT	0	0	0	0	0	0.0	0	0
en.yeats.late_line000067_EIGH|teenth|CEN|tu.ry|HOUS|es	0	0	0	0	0	1.0	0	1.0
en.yeats.late_line000060_no|NO|not|SAID|but|CRIED|it|OUT|you.have|COME|ag|AIN	0	0	2.0	0	0	1.0	2.0	1.0
en.yeats.late_line000203_two|GIRLS|in|SILK|ki|MO|nos|BOTH	0	0	0	0	0	0.0	2.0	0
en.yeats.late_line000326_what|MAT|ter|THOSE|that|RO|cky|FACE|holds|D|ear	0	0	2.0	0	0	0.0	2.0	0
en.yeats.late_line000236_GLA|nces|OF|her|WAN|der.ing|EYE	0	0	2.0	0	0	1.0	0	1.0
en.yeats.late_line000173_or|SET|up|ON|a|GOLD|en|BOUGH|to|SING	0	0	0	0	0	0.0	0	0
en.yeats.late_line000307_through|JO|na.than|SWIFT'S|dark|GROVE|he|PASSED|and|THERE	0	0	2.0	0	0	1.0	2.0	1.0
en.yeats.late_line000301_had|COS|grave|EAT|en.pa|RNELL'S.HEART|the|LAND'S	0	0	0	0	0	1.0	0	2.0
en.yeats.late_line000342_THERE|struts|HAM|let|THERE|is|L|ear	0	0	4.0	0	0	0.0	2.0	0
en.yeats.late_line000089_this|OTH|er.his|HEL|per.and|FRIEND	0	0	0	0	0	1.0	0	2.0
en.yeats.late_line000081_in|IG|no.rant|GOOD|will	0	0	0	0	0	1.0	0	1.0
en.yeats.late_line000264_or|STRIKES|a|SUD|den|CHILL|in|TO|my|BONES	0	0	0	0	0	0.0	0	0
en.yeats.late_line000222_ALL|the|FOL|ly|OF|a|FIGHT	0	0	2.0	0	0	0.0	0	0
en.yeats.late_line000049_be|CAUSE|i|HAVE|no|OTH|er|YOUTH|can|MAKE|me|PINE	0	0	0	0	0	0.0	2.0	0
en.yeats.late_line000287_none|SHARED|our|GUILT|nor|DID|we|PLAY|a|PART	0	0	0	0	0	0.0	2.0	0
en.yeats.late_line000201_the|LIGHT|of|EVE|ning|LI|ss|ADELL	0	0	2.0	0	0	0.0	0	0
en.yeats.late_line000317_what|MAT|ter.though|NUMB.NIGHT|mare|RIDE|on|TOP	0	3.0	0	0	0	1.0	2.0	2.0
en.yeats.late_line000235_moon|STRUCK|by|THE|de|SPAIR|ing	0	0	2.0	0	0	0.0	2.0	0
en.yeats.late_line000024_with|CRUE|lties.of|CHOICE|and|CHANCE	0	0	0	0	0	1.0	0	1.0
en.yeats.late_line000224_the|IN|no|CENT|and.the|BEAU|ti|FUL	0	0	4.0	0	0	1.0	0	1.0
en.yeats.late_line000228_SHOULD|the|CON|fla|GRA|tion|CLIMB	0	0	0	0	0	0.0	0	0
en.yeats.late_line000082_her|NIGHTS|in|AR|gu|MENT	0	0	2.0	0	0	0.0	0	0
en.yeats.late_line000009_howled|MI|au||d|BARKED|brayed|BELLED|yelled|CRIED|crowed	0	0	0	0	0	0.0	10.0	0
en.yeats.late_line000261_WHAT|is.this|FLESH|i|PUR|chased|WITH|my|PAINS	0	0	2.0	0	0	1.0	0	1.0
en.yeats.late_line000116_the|LONG|legged|MOOR|hens|DIVE	0	0	0	0	0	0.0	4.0	0
en.yeats.late_line000168_ONCE|out.of|NA|ture.i|SHALL.NEV|er|TAKE	0	0	0	0	0	1.0	0	3.0
en.yeats.late_line000199_her|CHILD|ish|GRAT|i|TUDE|for|LOVE|and|MATCH|your|FIF|ty|YEARS	0	0	0	0	0	0.0	0	0
en.yeats.late_line000013_and|NEV|er|CREW|ag|AIN|till|NOW	0	0	0	0	0	0.0	0	0
en.yeats.late_line000375_EV|ery.di|SC|ol|OR|ation|OF|the|STONE	0	0	2.0	0	0	1.0	0	1.0
en.yeats.late_line000046_o|SO|lo.mon|LET|us|TRY|ag|AIN	0	0	0	0	0	1.0	0	1.0
en.yeats.late_line000193_you|BUT|im|AG|ine|LIES|all|DAY|o|MUR|der|ER|i.rep|LIED	0	0	4.0	0	0	1.0	0	1.0
en.yeats.late_line000187_CAUGHT|the|WIND	0	0	0	0	0	0	0	0
en.yeats.late_line000088_and|RODE|our|WINGED|horse	0	0	0	0	0	0.0	2.0	0
en.yeats.late_line000045_AND|the|MOON|is|WIL|der|EV|ery|MI|nute	0	0	2.0	0	0	0.0	0	0
en.yeats.late_line000359_old|CI|vi.li|SA|tions|PUT|to.the|SWORD	0	0	0	0	0	2.0	2.0	2.0
en.yeats.late_line000191_how|COULD|she|MATE|with|FIF|ty|YEARS|that|WAS|so|WILD|ly|BRED	0	0	2.0	0	0	0.0	0	0
en.yeats.late_line000255_the|HEAV|ens|IN|my|WOMB	0	0	0	0	0	0.0	0	0
en.yeats.late_line000331_the|WORK|man|NO|ble.and|SAINT|and|ALL|things|RUN	0	0	0	0	0	1.0	2.0	1.0
en.yeats.late_line000220_BEAU|ti|FUL|one|A|ga|ZELLE	0	0	4.0	0	0	0.0	0	0
en.yeats.late_line000273_rich|FO|liage|THAT|the|STAR|light|GLIT|tered|THROUGH	0	3.0	2.0	0	0	0.0	4.0	0
en.yeats.late_line000299_NO|loose.lipped|DEM|a|GOGUE|had|WON|the|DAY	0	0	0	0	0	1.0	2.0	1.0
en.yeats.late_line000373_the.third|DOUBT|less.a|SERV|ing|MAN	0	0	0	0	0	1.0	2.0	2.0
en.yeats.late_line000175_of|WHAT|is|PAST|or|PASS|ing|OR|to|COME	0	0	2.0	0	0	0.0	0	0
en.yeats.late_line000015_chance|BE|ing|AT|one.with|CHOICE|at|LAST	0	0	0	0	0	1.0	2.0	1.0
en.yeats.late_line000032_THERE|fore.a|BLESSED|moon.last|NIGHT	0	0	0	0	0	0.0	2.0	2.0
en.yeats.late_line000043_nor|AN|y|HU|man|SIGHT|with|IN|it	0	0	0	0	0	0.0	0	0
en.yeats.late_line000386_ACC|omplished|FIN|gers.be|GIN|to|PLAY	0	0	0	0	0	1.0	0	1.0
en.yeats.late_line000348_they|KNOW|that|HAM|let.and|L|ear.are|GAY	0	0	0	0	0	2.0	0	2.0
en.yeats.late_line000139_and|CON|nol|LY|and|P|earse	0	0	0	0	0	0.0	0	0
en.yeats.late_line000101_he|TOO|has|BEEN|changed|IN|his|TURN	0	0	0	0	0	0.0	2.0	0
en.yeats.late_line000048_im|AG|ine|THAT|lost|LOVE|in|SEP|a|RA|ble|FROM|my|THOUGHT	0	0	4.0	0	0	0.0	2.0	0
en.yeats.late_line000142_are|CHANGED|changed|UT|ter|LY	0	0	2.0	0	0	0.0	2.0	0
en.yeats.late_line000001_and|THUS|de|CLARED|that|A|rab|LAD|y	0	0	0	0	0	0.0	0	0
en.yeats.late_line000350_all|MEN|have|AIMED|at|FOUND|and|LOST	0	0	0	0	0	0.0	0	0
en.yeats.late_line000065_COM|ing.with|VI|vid|FAC|es	0	0	0	0	0	1.0	0	1.0
en.yeats.late_line000329_or|DARK|be|TWIXT|the|POLE|cat|AND|the|OWL	0	3.0	2.0	0	0	0.0	2.0	0
en.yeats.late_line000328_from|MAR|ble|OF|a|BRO|ken|SE|pu|LCHRE	0	0	4.0	0	0	0.0	0	0
en.yeats.late_line000073_of.a|MOCK|ing|TALE|or.a|GIBE	0	0	0	0	0	1.0	0	2.0
en.yeats.late_line000040_the|NIGHT|has|FALL|en|NOT|a|SOUND	0	0	0	0	0	0.0	0	0
en.yeats.late_line000047_do|NOT|be|CAUSE|this|DAY|i|HAVE|grown|SAT|ur|NINE	0	0	0	0	0	0.0	2.0	0
en.yeats.late_line000369_two|CHI|na|MEN|be|HIND|them.a|THIRD	0	0	0	0	0	1.0	2.0	1.0
en.yeats.late_line000056_be|FORE|my|TIME|seem|LIKE|a|VI|vid|MEM|o|RY	0	0	2.0	0	0	0.0	2.0	0
en.yeats.late_line000315_HEC|tor.is|DEAD|and|THERE'S|a|LIGHT|in|TROY	0	0	2.0	0	0	1.0	0	1.0
en.yeats.late_line000042_un|LESS|a|PE|tal|HIT|the|GROUND	0	0	0	0	0	0.0	0	0
en.yeats.late_line000227_and|STRIKE|an|OTH|er.till|TIME.CATCH	0	0	0	0	0	1.0	0	2.0
en.yeats.late_line000197_speak|ALL|your|MIND|my|HEART|sang.out|SPEAK.ALL|your|MIND|who|CARES	0	0	0	0	0	1.0	4.0	2.0
en.yeats.late_line000164_con|SUME|my|HEART|aw|AY|sick|WITH|de|SIRE	0	0	2.0	0	0	0.0	2.0	0
en.yeats.late_line000208_PAR|doned|DRAGS|out|LONE|ly|YEARS	0	0	0	0	0	0.0	0	0
en.yeats.late_line000212_when|WITH|ered|OLD|and|SK|el.eton|GAUNT	0	0	0	0	0	1.0	0	1.0
en.yeats.late_line000380_SWEET|ens.the|LIT|tle|HALF|way|HOUSE	0	0	0	0	0	1.0	2.0	1.0
en.yeats.late_line000117_and|HENS|to|MOOR|cocks|CALL	0	0	0	0	0	0.0	2.0	0
en.yeats.late_line000008_what|EV|er|HAS|been|SAID|sighed|SUNG	0	0	0	0	0	0.0	2.0	0
en.yeats.late_line000378_or|LOF|ty|SLOPE|where.it|STILL.SNOWS	0	0	0	0	0	1.0	0	2.0
en.yeats.late_line000218_that|TA|ble|AND|the|TALK|of|YOUTH	0	0	2.0	0	0	0.0	0	0
en.yeats.late_line000135_and|WHAT|if.ex|CESS|of|LOVE	0	0	0	0	0	1.0	0	1.0
en.yeats.late_line000012_three|HUN|dred|YEARS|be|FORE|the|FALL	0	0	0	0	0	0.0	2.0	0
en.yeats.late_line000365_his|LONG|lamp|CHIM|ney|SHAPED|like.the|STEM	0	0	0	0	0	1.0	2.0	1.0
en.yeats.late_line000180_the|SOUTH|wind|BROUGHT|it|LONG|ing|AND|the|EAST|wind.de|SPAIR	0	0	2.0	0	0	1.0	4.0	1.0
en.yeats.late_line000195_i|DID|not|FIND|in|AN|y|CAGE|the|WO|man|AT|my|SIDE	0	0	0	0	0	0.0	0	0
en.yeats.late_line000014_and|WOULD|not|NOW|but|THAT|he|THOUGHT	0	0	0	0	0	0.0	0	0
en.yeats.late_line000244_what|MAN|hood|LED|the|DANCE	0	3.0	0	0	0	0.0	2.0	0
en.yeats.late_line000029_YET|the|WORLD|ends|WHEN|these|TWO|things	0	0	0	0	0	0.0	4.0	0
en.yeats.late_line000370_are|CARVED|in|LA|pis|LAZ|uli|	0	0	0	0	0	0.0	0	0
en.yeats.late_line000200_o|LET|her|CHOOSE|a|YOUNG|man|NOW|and|ALL|for.his|WILD.SAKE	0	0	0	0	0	1.0	2.0	2.0
en.yeats.late_line000250_may|REND|what|COMES|in|REACH	0	0	0	0	0	0.0	0	0
en.yeats.late_line000124_to|MUR|mur|NAME|up|ON|name	0	0	0	0	0	0.0	2.0	0
en.yeats.late_line000367_ALL|things|FALL|and.are|BUILT|ag|AIN	0	0	0	0	0	1.0	2.0	1.0
en.yeats.late_line000126_when|SLEEP|at|LAST|has|COME	0	0	0	0	0	0.0	0	0
en.yeats.late_line000145_IN|one.an|OTH|er's|ARMS|birds|IN|the|TREES	0	0	0	0	0	1.0	2.0	1.0
en.yeats.late_line000131_for|ENG|land.may|KEEP.FAITH	0	0	0	0	0	1.0	0	2.0
en.yeats.late_line000271_WHAT|is.this|SAC|ri|FICE|can|SOME|one|THERE	0	3.0	2.0	0	0	1.0	2.0	1.0
en.yeats.late_line000333_i|HAVE|heard|THAT|hys|TER|i.cal|WO|men|SAY	0	0	0	0	0	1.0	2.0	1.0
en.yeats.late_line000098_YET|i|NUM|ber.him|IN|the|SONG	0	0	0	0	0	1.0	0	1.0
en.yeats.late_line000033_gave|SHE|ba|TO|her|SO|lo|MON	0	0	4.0	0	0	0.0	2.0	0
en.yeats.late_line000155_for|EV|ery|TAT|ter|IN|its|MOR|tal|DRESS	0	0	0	0	0	0.0	0	0
en.yeats.late_line000379_though|DOUBT|less|PLUM|or|CHER|ry|BRANCH	0	0	0	0	0	0.0	0	0
en.yeats.late_line000268_ab|OUT|the|SKY|where|THAT|is|CLEAR|of|CLOUD	0	0	0	0	0	0.0	0	0
en.yeats.late_line000149_what|EV|er|IS|be|GOT|ten|BORN|and|DIES	0	0	2.0	0	0	0.0	0	0
en.yeats.late_line000238_for|CHIL|dren|BORN|of.her|PAIN	0	0	0	0	0	1.0	0	1.0
en.yeats.late_line000209_co|NS|pi|RING|am|ONG|the|IG|no|RANT	0	0	4.0	0	0	0.0	0	0
en.yeats.late_line000310_THINGS|thought.too|LONG|can|BE|no|LON|ger|THOUGHT	0	0	0	0	0	1.0	4.0	1.0
en.yeats.late_line000341_ALL|per|FORM|their|TRAG|ic|PLAY	0	0	0	0	0	0.0	0	0
en.yeats.late_line000169_my|BOD|i.ly|FORM|from|AN|y|NAT|ural|THING	0	0	0	0	0	1.0	0	1.0
en.yeats.late_line000363_made|DRA|per|IES|that|SEEMED|to|RISE	0	0	2.0	0	0	0.0	2.0	0
en.yeats.late_line000083_un|TIL|her|VOICE|grew|SHRILL	0	0	0	0	0	0.0	2.0	0
en.yeats.late_line000368_and.those|THAT.BUILD|them.ag|AIN|are|GAY	0	0	0	0	0	1.0	0	3.0
en.yeats.late_line000099_he|TOO|has.re|SIGNED|his|PART	0	0	0	0	0	1.0	0	1.0
en.yeats.late_line000120_too|LONG|a|SAC|ri|FICE	0	0	0	0	0	0.0	2.0	0
en.yeats.late_line000286_i{|HY|st|ER|ica|PA|ss|IO|dragged.this|QUAR|ry|DOWN	0	0	2.0	0	0	1.0	4.0	1.0
en.yeats.late_line000107_to|TROU|ble.the|LIV|ing|STREAM	0	0	0	0	0	1.0	0	1.0
en.yeats.late_line000360_THEN|they|AND|their|WIS|dom|WENT|to|RACK	0	0	2.0	0	0	0.0	0	0
en.yeats.late_line000020_for.though|LOVE.HAS|a|SPI|der's|EYE	0	0	0	0	0	1.0	0	2.0
en.yeats.late_line000004_with|IN|my|ARMS|great|SO|lo|MON	0	0	2.0	0	0	0.0	2.0	0
en.yeats.late_line000247_but|SLEN|der|NEE|dles.of|BONE	0	0	0	0	0	1.0	0	1.0
en.yeats.late_line000190_be|CAUSE|i|MADE|you|TURN|aw|AY|and|RUN|from|THAT|young|CHILD	0	0	0	0	0	0.0	2.0	0
en.yeats.late_line000332_on|THAT|un|FA|sh|IO|nable|GY|re.ag|AIN	0	0	2.0	0	0	1.0	0	1.0
en.yeats.late_line000159_TO|the|HOL|y|CI|ty|OF|by|ZA|nt|IUM	0	0	6.0	0	0	0.0	0	0
en.yeats.late_line000270_what|SHUD|ders|RUN|through|ALL|that|AN|i.mal|BLOOD	0	0	0	0	0	1.0	0	1.0
en.yeats.late_line000059_up|ON|the|OP|en|ROAD|near|TO|the|SLI|go|QUAY	0	0	2.0	0	0	0.0	0	0
en.yeats.late_line000076_BE|ing|CER|tain|THAT|they|AND|i	0	0	2.0	0	0	0.0	0	0
en.yeats.late_line000276_a|WO|man|AND|an|AR|row|ON|a|STRING	0	0	4.0	0	0	0.0	0	0
en.yeats.late_line000064_i.have|MET|them.at|CLOSE|of|DAY	0	0	0	0	0	1.0	0	2.0
en.yeats.late_line000109_the|RID|er.the|BIRDS|that|RANGE	0	0	0	0	0	1.0	0	1.0
en.yeats.late_line000243_where|EV|ery|FOOT|obe|YED|her|GLANCE	0	0	0	0	0	0.0	0	0
en.yeats.late_line000167_in|TO|the|AR|ti|FICE|of.et|ER|ni|TY	0	0	4.0	0	0	1.0	0	1.0
en.yeats.late_line000266_UN|der.the|GREAT|co|ME|di.an's|TOMB|the|CROWD	0	0	0	0	0	2.0	0	2.0
en.yeats.late_line000372_a|SYM|bol|OF|lo|NG|ev|ITY	0	0	4.0	0	0	0.0	0	0
en.yeats.late_line000058_PEO|ple.he|SAID	0	0	0	0	0	0	0	1.0
en.yeats.late_line000165_and|FAS|tened|TO|a|DY|ing|AN|i|MAL	0	0	4.0	0	0	0.0	0	0
en.yeats.late_line000097_to|SOME|who.are|NEAR|my|HEART	0	0	0	0	0	1.0	0	1.0
en.yeats.late_line000102_trans.formed|UT|ter.ly	0	3.0	0	1.0	0	0.0	2.0	2.0
en.yeats.late_line000210_i|KNOW|not|WHAT|the|YOU|nger|DREAMS	0	0	0	0	0	0.0	0	0
en.yeats.late_line000192_LET|the|CAGE|bird|AND|the|CAGE|bird|MATE|and.the|WILD.BIRD|mate|IN|the|WILD	0	0	2.0	0	0	1.0	6.0	2.0
en.yeats.late_line000279_CUT|out.his|HEART|some|MAS|ter|OF|de|SIGN	0	0	2.0	0	0	1.0	0	1.0
en.yeats.late_line000112_a|SHAD|ow.of|CLOUD|on.the|STREAM	0	0	0	0	0	1.0	0	2.0
